Date,Open,High,Low,Close,Volume,Dividends,Stock Splits,SMA_10,Close_below_SMA_10,SMA_20,Close_below_SMA_20,SMA_50,Close_below_SMA_50,SMA_100,Close_below_SMA_100,SMA_150,Close_below_SMA_150,^HSI_Close,title_sc,Actual_High_Next_20_P,Predicted_High_Next_20_P,MAE_P,Type
2017-01-03,186.652,189.73,186.652,188.042,9637272,0.0,0.0,194.2373,1,196.74920000000003,1,203.29190000000003,1,222.44659999999993,1,244.04906666666653,1,22150.4,,10.0,,,Train / Val
2017-01-04,189.035,189.134,186.751,187.645,11411490,0.0,0.0,194.2373,1,196.74920000000003,1,203.29190000000003,1,222.44659999999993,1,244.04906666666653,1,22134.47,0.0,10.3,,,Train / Val
2017-01-05,189.631,192.808,189.333,191.914,20543005,0.0,0.0,194.2373,1,196.74920000000003,1,203.29190000000003,1,222.44659999999993,1,244.04906666666653,1,22456.69,,7.8,,,Train / Val
2017-01-06,194.793,195.389,193.304,193.701,20077760,0.0,0.0,194.2373,1,196.74920000000003,1,203.29190000000003,1,222.44659999999993,1,244.04906666666653,1,22503.01,,6.8,,,Train / Val
2017-01-09,195.29,195.488,193.8,194.198,13605277,0.0,0.0,194.2373,1,196.74920000000003,1,203.29190000000003,1,222.44659999999993,1,244.04906666666653,1,22558.69,0.0772,6.5,,,Train / Val
2017-01-10,196.084,196.58,194.694,196.58,15628780,0.0,0.0,194.2373,0,196.74920000000003,1,203.29190000000003,1,222.44659999999993,1,244.04906666666653,1,22744.85,,5.3,,,Train / Val
2017-01-11,198.566,199.956,197.275,199.36,20703850,0.0,0.0,194.2373,0,196.74920000000003,0,203.29190000000003,1,222.44659999999993,1,244.04906666666653,1,22935.35,,3.8,,,Train / Val
2017-01-12,199.559,199.559,195.19,197.375,16362476,0.0,0.0,194.2373,0,196.74920000000003,0,203.29190000000003,1,222.44659999999993,1,244.04906666666653,1,22829.02,,4.8,,,Train / Val
2017-01-13,197.573,198.765,197.275,198.268,10155934,0.0,0.0,194.2373,0,196.74920000000003,0,203.29190000000003,1,222.44659999999993,1,244.04906666666653,1,22937.38,,4.4,,,Train / Val
2017-01-16,198.268,198.268,194.595,195.29,11600274,0.0,0.0,194.2373,0,196.74920000000003,1,203.29190000000003,1,222.44659999999993,1,244.04906666666653,1,22718.15,0.0,5.9,,,Train / Val
2017-01-17,198.467,198.467,196.084,196.283,8845604,0.0,0.0,195.0614,0,196.74920000000003,1,203.29190000000003,1,222.44659999999993,1,244.04906666666653,1,22840.97,,7.7,,,Train / Val
2017-01-18,197.176,198.367,196.58,198.268,10962405,0.0,0.0,196.1237,0,196.74920000000003,0,203.29190000000003,1,222.44659999999993,1,244.04906666666653,1,23098.26,,7.7,,,Train / Val
2017-01-19,199.162,199.162,196.878,198.07,9664250,0.0,0.0,196.73930000000001,0,196.74920000000003,0,203.29190000000003,1,222.44659999999993,1,244.04906666666653,1,23049.96,,7.9,,,Train / Val
2017-01-20,197.573,197.97,196.283,196.283,7686725,0.0,0.0,196.99750000000003,1,196.74920000000003,1,203.29190000000003,1,222.44659999999993,1,244.04906666666653,1,22885.91,,8.9,,,Train / Val
2017-01-23,194.992,197.871,194.992,196.382,7059398,0.0,0.0,197.21590000000003,1,196.74920000000003,1,203.29190000000003,1,222.44659999999993,1,244.04906666666653,1,22898.52,,8.8,,,Train / Val
2017-01-24,197.474,197.474,195.488,196.382,8825373,0.0,0.0,197.19610000000003,1,196.74920000000003,1,203.29190000000003,1,222.44659999999993,1,244.04906666666653,1,22949.86,,9.4,,,Train / Val
2017-01-25,199.559,199.559,197.772,199.36,17017199,0.0,0.0,197.19610000000003,0,196.74920000000003,0,203.29190000000003,1,222.44659999999993,1,244.04906666666653,1,23049.12,,7.8,,,Train / Val
2017-01-26,200.949,203.927,200.353,203.53,21037878,0.0,0.0,197.81160000000006,0,196.74920000000003,0,203.29190000000003,0,222.44659999999993,1,244.04906666666653,1,23374.17,,5.6,,,Train / Val
2017-01-27,204.126,204.126,202.736,202.934,8717396,0.0,0.0,198.27820000000006,0,196.74920000000003,0,203.29190000000003,1,222.44659999999993,1,244.04906666666653,1,23360.78,,5.9,,,Train / Val
2017-02-01,200.552,205.317,199.36,205.119,19494245,0.0,0.0,199.26110000000008,0,196.74920000000003,0,203.29190000000003,0,222.44659999999993,1,244.04906666666653,1,23318.39,,4.7,,,Train / Val
2017-02-02,205.516,206.906,202.934,203.729,14245064,0.0,0.0,200.00570000000008,0,197.53355000000005,0,203.29190000000003,0,222.44659999999993,1,244.04906666666653,1,23184.52,,5.5,,,Train / Val
2017-02-03,203.927,204.92,200.949,203.53,12525535,0.0,0.0,200.5319000000001,0,198.32780000000005,0,203.29190000000003,0,222.44659999999993,1,244.04906666666653,1,23129.21,,5.6,,,Train / Val
2017-02-06,204.92,205.913,202.934,205.913,9244792,0.0,0.0,201.3162000000001,0,199.02775000000005,0,203.29190000000003,0,222.44659999999993,1,244.04906666666653,1,23348.24,,4.3,,,Train / Val
2017-02-07,204.523,205.913,202.934,203.927,11540961,0.0,0.0,202.0806000000001,0,199.53905000000003,0,203.29190000000003,0,222.44659999999993,1,244.04906666666653,1,23331.57,,5.4,,,Train / Val
2017-02-08,202.934,203.729,200.949,202.537,15978068,0.0,0.0,202.69610000000006,1,199.95600000000007,0,203.29190000000003,1,222.44659999999993,1,244.04906666666653,1,23485.13,,6.1,,,Train / Val
2017-02-09,204.126,205.516,202.736,202.736,12967234,0.0,0.0,203.33150000000006,1,200.2638000000001,0,203.29190000000003,1,222.44659999999993,1,244.04906666666653,1,23525.14,,6.0,,,Train / Val
2017-02-10,203.927,204.523,200.949,201.147,13335776,0.0,0.0,203.51020000000003,1,200.35315000000008,0,203.29190000000003,1,222.44659999999993,1,244.04906666666653,1,23574.98,,6.8,,,Train / Val
2017-02-13,201.545,203.53,201.545,202.14,11469706,0.0,0.0,203.37120000000002,1,200.59140000000008,0,203.29190000000003,1,222.44659999999993,1,244.04906666666653,1,23710.98,,6.3,,,Train / Val
2017-02-14,201.743,202.339,201.346,201.346,11741212,0.0,0.0,203.2124,1,200.74530000000004,0,203.29190000000003,1,222.44659999999993,1,244.04906666666653,1,23703.01,,6.7,,,Train / Val
2017-02-15,200.75,206.31,200.75,205.119,20967951,0.0,0.0,203.2124,0,201.23675000000003,0,203.29190000000003,0,222.44659999999993,1,244.04906666666653,1,23994.87,,4.7,,,Train / Val
2017-02-16,208.494,211.473,206.509,210.48,30654514,0.0,0.0,203.8875,0,201.94660000000002,0,203.29190000000003,0,222.44659999999993,1,244.04906666666653,1,24107.7,,4.2,,,Train / Val
2017-02-17,212.069,213.458,210.281,210.679,18573582,0.0,0.0,204.60239999999996,0,202.56715,0,203.29190000000003,0,222.44659999999993,1,244.04906666666653,1,24033.74,,5.0,,,Train / Val
2017-02-20,211.671,213.657,211.076,212.466,14388585,0.0,0.0,205.25769999999997,0,203.28695,0,203.29190000000003,0,222.44659999999993,1,244.04906666666653,1,24146.08,,6.6,,,Train / Val
2017-02-21,212.069,213.26,208.494,209.487,14978211,0.0,0.0,205.81369999999998,0,203.94715,0,203.29190000000003,0,222.44659999999993,1,244.04906666666653,1,23963.63,,8.9,,,Train / Val
2017-02-22,210.48,213.458,210.48,213.458,14282531,0.0,0.0,206.9058,0,204.80095,0,203.29190000000003,0,222.44659999999993,1,244.04906666666653,1,24201.96,,6.9,,,Train / Val
2017-02-23,214.054,214.848,212.466,213.26,15728062,0.0,0.0,207.95820000000003,0,205.64485000000005,0,203.29190000000003,0,222.44659999999993,1,244.04906666666653,1,24114.86,,7.0,,,Train / Val
2017-02-24,211.87,212.664,209.686,209.686,17224457,0.0,0.0,208.81210000000004,0,206.16115000000005,0,203.29190000000003,0,222.44659999999993,1,244.04906666666653,1,23965.7,,8.8,,,Train / Val
2017-02-27,209.487,212.069,208.097,208.693,14141432,0.0,0.0,209.46740000000008,1,206.41930000000008,0,203.29190000000003,0,222.44659999999993,1,244.04906666666653,1,23925.05,,9.3,,,Train / Val
2017-02-28,209.289,210.083,205.516,205.516,16362243,0.0,0.0,209.88440000000008,1,206.54840000000004,1,203.29190000000003,0,222.44659999999993,1,244.04906666666653,1,23740.73,,11.0,,,Train / Val
2017-03-01,205.516,205.913,203.53,205.317,19151883,0.0,0.0,209.9042000000001,1,206.55830000000006,1,203.29190000000003,0,222.44659999999993,1,244.04906666666653,1,23776.49,,11.3,,,Train / Val
2017-03-02,209.09,209.487,204.92,204.92,15808759,0.0,0.0,209.34820000000008,1,206.61785000000003,1,203.29190000000003,0,222.44659999999993,1,244.04906666666653,1,23728.07,,11.5,,,Train / Val
2017-03-03,204.523,207.303,202.736,205.714,16233580,0.0,0.0,208.85170000000008,1,206.72705000000005,1,203.29190000000003,0,222.44659999999993,1,244.04906666666653,1,23552.72,,11.1,,,Train / Val
2017-03-06,205.119,208.891,205.119,207.7,11372312,0.0,0.0,208.37510000000006,1,206.81640000000007,0,203.29190000000003,0,222.44659999999993,1,244.04906666666653,1,23596.28,,10.0,,,Train / Val
2017-03-07,207.303,211.076,207.303,210.281,12046358,0.0,0.0,208.45450000000005,0,207.13410000000007,0,203.29190000000003,0,222.44659999999993,1,244.04906666666653,1,23681.07,,8.7,,,Train / Val
2017-03-08,208.693,211.076,208.693,210.679,10855929,0.0,0.0,208.17660000000006,0,207.54120000000006,0,203.29190000000003,0,222.44659999999993,1,244.04906666666653,1,23782.27,,8.5,,,Train / Val
2017-03-09,211.473,211.473,207.7,208.296,14123866,0.0,0.0,207.68020000000007,0,207.81920000000008,0,203.29190000000003,0,222.44659999999993,1,244.04906666666653,1,23501.56,,9.7,,,Train / Val
2017-03-10,207.899,211.274,207.7,210.877,15876601,0.0,0.0,207.79930000000004,0,208.30570000000012,0,203.29190000000003,0,222.44659999999993,1,244.04906666666653,1,23568.67,,8.4,,,Train / Val
2017-03-13,211.473,214.253,211.274,213.856,20012750,0.0,0.0,208.3156,0,208.8915000000001,0,203.29190000000003,0,222.44659999999993,1,244.04906666666653,1,23829.67,,6.9,,,Train / Val
2017-03-14,214.451,214.451,212.267,213.061,15104670,0.0,0.0,209.0701,0,209.47725000000008,0,203.29190000000003,0,222.44659999999993,1,244.04906666666653,1,23827.95,,7.6,,,Train / Val
2017-03-15,211.473,214.054,211.473,213.061,10738632,0.0,0.0,209.8445,0,209.8743500000001,0,203.29190000000003,0,222.44659999999993,1,244.04906666666653,1,23792.85,,8.9,,,Train / Val
2017-03-16,216.04,219.217,214.65,219.217,27169372,0.0,0.0,211.2742,0,210.3112000000001,0,203.91540000000003,0,222.44659999999993,1,244.04906666666653,1,24288.28,,5.9,,,Train / Val
2017-03-17,220.607,221.203,219.217,220.408,22110796,0.0,0.0,212.74360000000001,0,210.79765000000012,0,204.57066000000003,0,222.44659999999993,1,244.04906666666653,1,24309.93,,5.3,,,Train / Val
2017-03-20,220.408,226.564,220.21,226.564,24497641,0.0,0.0,214.63000000000002,0,211.5025500000001,0,205.26366000000002,0,222.44659999999993,0,244.04906666666653,1,24501.99,,3.7,,,Train / Val
2017-03-21,226.365,228.152,222.195,227.16,28352992,0.0,0.0,216.3179,0,212.3862000000001,0,205.93284000000003,0,222.44659999999993,0,244.04906666666653,1,24593.12,,4.7,,,Train / Val
2017-03-22,222.394,225.372,221.798,223.585,24831244,0.0,0.0,217.6085,0,212.8925500000001,0,206.52058,0,222.44659999999993,0,244.04906666666653,1,24320.41,,6.6,,,Train / Val
2017-03-23,220.21,221.997,216.636,221.401,39654843,0.0,0.0,218.919,0,213.2996000000001,0,207.017,0,222.44659999999993,1,244.04906666666653,1,24327.7,,8.9,,,Train / Val
2017-03-24,221.6,223.784,220.805,223.585,16607909,0.0,0.0,220.18980000000002,0,213.99455000000012,0,207.50149999999996,0,222.44659999999993,0,244.04906666666653,1,24358.27,,8.6,,,Train / Val
2017-03-27,223.585,226.762,221.798,223.188,20607592,0.0,0.0,221.12300000000005,0,214.71930000000012,0,208.01775999999998,0,222.44659999999993,0,244.04906666666653,1,24193.7,,9.0,,,Train / Val
2017-03-28,225.372,225.372,223.188,224.38,14412946,0.0,0.0,222.25490000000005,0,215.66250000000014,0,208.53999999999996,0,222.44659999999993,0,244.04906666666653,1,24345.87,,8.4,,,Train / Val
2017-03-29,228.351,228.549,224.975,226.365,16126457,0.0,0.0,223.58530000000005,0,216.7149000000001,0,209.16149999999993,0,222.44659999999993,0,244.04906666666653,1,24392.05,,8.9,,,Train / Val
2017-03-30,227.557,227.557,223.585,223.585,17388185,0.0,0.0,224.02210000000005,1,217.64815000000013,0,209.70753999999994,0,222.44659999999993,0,244.04906666666653,1,24301.09,,10.3,,,Train / Val
2017-03-31,223.784,224.777,221.004,221.203,16116998,0.0,0.0,224.10160000000005,1,218.42260000000016,0,210.16623999999993,0,222.44659999999993,1,244.04906666666653,1,24111.59,,11.5,,,Train / Val
2017-04-03,224.38,224.38,220.805,223.585,13042390,0.0,0.0,223.80370000000008,1,219.21685000000016,0,210.6765399999999,0,222.44659999999993,0,244.04906666666653,1,24261.48,,10.3,,,Train / Val
2017-04-05,226.365,227.16,224.578,227.16,21574677,0.0,0.0,223.80370000000008,0,220.06080000000014,0,211.29407999999992,0,222.44659999999993,0,244.04906666666653,1,24400.8,,9.6,,,Train / Val
2017-04-06,226.167,227.16,224.777,226.365,11191221,0.0,0.0,224.0817000000001,0,220.84510000000014,0,211.89373999999992,0,222.44659999999993,0,244.04906666666653,1,24273.72,,12.0,,,Train / Val
2017-04-07,226.365,226.564,222.593,225.571,14928165,0.0,0.0,224.4987000000001,0,221.70885000000013,0,212.47751999999994,0,222.44659999999993,0,244.04906666666653,1,24267.3,,12.4,,,Train / Val
2017-04-10,226.365,226.762,223.784,224.777,7479213,0.0,0.0,224.6179000000001,0,222.4038500000001,0,212.98585999999992,0,222.44659999999993,0,244.04906666666653,1,24262.18,,14.5,,,Train / Val
2017-04-11,226.365,226.365,222.592,223.387,9446922,0.0,0.0,224.6378000000001,1,222.8804000000001,0,213.38299999999992,0,222.44659999999993,0,244.04906666666653,1,24088.46,,15.8,,,Train / Val
2017-04-12,223.784,229.344,223.585,229.344,15740467,0.0,0.0,225.1342000000001,0,223.6945500000001,0,213.91119999999992,0,222.44659999999993,0,244.04906666666653,1,24313.5,,13.2,,,Train / Val
2017-04-13,227.954,232.124,227.16,228.947,20659980,0.0,0.0,225.3924000000001,0,224.48885000000013,0,214.3877599999999,0,222.44659999999993,0,244.04906666666653,1,24261.66,,13.4,,,Train / Val
2017-04-18,229.344,230.138,226.365,226.365,14813343,0.0,0.0,225.67040000000006,0,224.84625000000014,0,214.84047999999993,0,222.44659999999993,0,244.04906666666653,1,23924.54,,19.0,,,Train / Val
2017-04-19,226.365,229.741,226.365,228.549,16607985,0.0,0.0,226.40500000000006,0,225.25330000000014,0,215.3408599999999,0,222.44659999999993,0,244.04906666666653,1,23825.88,,18.1,,,Train / Val
2017-04-20,230.932,234.904,229.939,234.904,21399865,0.0,0.0,227.53690000000006,0,225.67030000000014,0,215.92067999999992,0,222.44659999999993,0,244.04906666666653,1,24056.98,,17.3,,,Train / Val
2017-04-21,235.896,237.882,232.124,234.705,16990163,0.0,0.0,228.29140000000007,0,226.04755000000014,0,216.53623999999994,0,222.44659999999993,0,244.04906666666653,1,24042.02,,19.0,,,Train / Val
2017-04-24,238.279,238.279,234.904,236.294,14548614,0.0,0.0,229.2843000000001,0,226.68300000000013,0,217.2113799999999,0,222.44659999999993,0,244.04906666666653,1,24139.48,,18.2,,,Train / Val
2017-04-25,237.088,241.059,235.499,241.059,18789716,0.0,0.0,230.83310000000012,0,227.66590000000014,0,217.9778399999999,0,222.44659999999993,0,244.04906666666653,1,24455.94,,15.8,,,Train / Val
2017-04-26,242.052,242.846,238.676,239.868,20607333,0.0,0.0,232.3422000000001,0,228.48005000000018,0,218.75225999999986,0,222.44659999999993,0,244.04906666666653,1,24578.43,,16.4,,,Train / Val
2017-04-27,240.463,243.243,237.684,242.846,17296815,0.0,0.0,234.28810000000007,0,229.46295000000018,0,219.56637999999987,0,222.44659999999993,0,244.04906666666653,1,24698.48,,15.0,,,Train / Val
2017-04-28,243.045,243.045,240.662,241.655,13449535,0.0,0.0,235.5192000000001,0,230.32670000000016,0,220.3725599999999,0,222.44659999999993,0,244.04906666666653,1,24615.13,,15.6,,,Train / Val
2017-05-02,243.243,246.619,243.045,246.619,19381149,0.0,0.0,237.2864000000001,0,231.33940000000015,0,221.2025599999999,0,222.44659999999993,0,244.04906666666653,0,24696.13,,13.2,,,Train / Val
2017-05-04,245.825,245.825,241.059,242.052,23663993,0.0,0.0,238.85510000000014,0,232.26275000000015,0,221.83399999999992,0,222.44659999999993,0,244.04906666666653,1,24683.88,,15.4,,,Train / Val
2017-05-05,241.456,242.251,240.066,242.052,14901527,0.0,0.0,240.20540000000014,0,233.3052000000001,0,222.4614599999999,0,222.44659999999993,0,244.04906666666653,1,24476.35,,15.4,,,Train / Val
2017-05-08,245.428,245.428,241.655,243.045,19308767,0.0,0.0,241.01950000000016,0,234.2782000000001,0,223.07303999999988,0,222.44659999999993,0,244.04906666666653,1,24577.91,,14.9,,,Train / Val
2017-05-09,246.222,249.002,243.839,249.002,19679502,0.0,0.0,242.44920000000016,0,235.37030000000013,0,223.8633399999999,0,222.44659999999993,0,244.04906666666653,0,24889.03,,12.1,,,Train / Val
2017-05-10,250.193,253.569,247.413,248.605,29585623,0.0,0.0,243.68030000000016,0,236.48230000000012,0,224.5662799999999,0,222.44659999999993,0,244.04906666666653,0,25015.42,,12.3,,,Train / Val
2017-05-11,247.81,253.172,247.612,252.775,20293953,0.0,0.0,244.85190000000017,0,237.84250000000011,0,225.3565799999999,0,222.44659999999993,0,244.04906666666653,0,25125.55,,11.6,,,Train / Val
2017-05-12,254.363,257.342,253.37,256.349,25854155,0.0,0.0,246.50000000000017,0,239.4211000000001,0,226.28983999999988,0,222.44659999999993,0,244.04906666666653,0,25156.34,,10.0,,,Train / Val
2017-05-15,257.739,258.732,255.952,257.143,21565437,0.0,0.0,247.9297000000002,0,241.10890000000012,0,227.2588399999999,0,222.44659999999993,0,244.04906666666653,0,25371.59,0.0,9.7,,,Train / Val
2017-05-16,259.724,259.724,254.363,256.944,22950129,0.0,0.0,249.45860000000016,0,242.48890000000014,0,228.2873999999999,0,222.44659999999993,0,244.04906666666653,0,25335.94,,9.8,,,Train / Val
2017-05-17,258.93,259.327,256.349,257.937,18005770,0.0,0.0,250.59040000000013,0,243.93840000000014,0,229.33979999999988,0,222.44659999999993,0,244.04906666666653,0,25293.63,0.0,9.3,,,Train / Val
2017-05-18,255.157,269.454,255.157,262.107,54039295,0.0,0.0,252.5959000000001,0,245.72550000000015,0,230.4835399999999,0,222.44659999999993,0,244.04906666666653,0,25136.52,,7.6,,,Train / Val
2017-05-19,264.704,269.879,263.908,267.093,29296891,0.61,0.0,255.10000000000008,0,247.65270000000015,0,231.7111199999999,0,222.44659999999993,0,244.04906666666653,0,25174.87,,5.6,,,Train / Val
2017-05-22,270.277,275.452,269.083,274.059,27155898,0.0,0.0,258.2014000000001,0,249.61045000000013,0,233.03829999999988,0,222.44659999999993,0,244.04906666666653,0,25391.34,,3.1,,,Train / Val
2017-05-23,277.641,279.233,270.476,273.86,34952505,0.0,0.0,260.68720000000013,0,251.5682000000001,0,234.30987999999988,0,222.44659999999993,0,244.04906666666653,0,25403.15,0.6597,3.1,,,Train / Val
2017-05-24,274.258,274.457,267.69,272.267,23143763,0.0,0.0,263.0534000000001,0,253.3668500000001,0,235.54163999999986,0,222.44659999999993,0,244.04906666666653,0,25428.5,,3.7,,,Train / Val
2017-05-25,272.068,275.85,272.068,275.85,18057011,0.0,0.0,265.3609000000001,0,255.10640000000012,0,236.89271999999985,0,222.44659999999993,0,244.04906666666653,0,25630.78,,2.4,,,Train / Val
2017-05-26,274.258,277.641,274.059,276.646,16821442,0.0,0.0,267.39060000000006,0,256.9453000000001,0,238.20809999999986,0,222.44659999999993,0,244.04906666666653,0,25639.27,,2.5,,,Train / Val
2017-05-29,276.646,276.845,272.665,273.462,16775468,0.0,0.0,269.0225000000001,0,258.47610000000014,0,239.40021999999988,0,222.44659999999993,0,244.04906666666653,0,25701.63,,4.9,,,Train / Val
2017-05-31,273.462,275.651,266.098,266.297,37199378,0.0,0.0,269.9578000000001,1,259.70820000000015,0,240.46493999999987,0,222.44659999999993,0,244.04906666666653,0,25660.65,,7.8,,,Train / Val
2017-06-01,265.7,271.471,261.52,269.879,31879531,0.0,0.0,271.1520000000001,1,260.87120000000016,0,241.6012999999999,0,222.44659999999993,0,244.04906666666653,0,25809.22,,6.3,3.5,2.8,Train / Val
2017-06-02,274.258,274.258,268.088,268.685,18058922,0.0,0.0,271.8098000000001,1,262.20285000000024,0,242.59065999999987,0,223.25302999999994,0,244.04906666666653,0,25924.05,,6.8,4.5,2.3,Train / Val
2017-06-05,270.476,272.267,267.69,270.277,12464553,0.0,0.0,272.1282000000001,1,263.61410000000024,0,243.5880399999999,0,224.0793499999999,0,244.04906666666653,0,25862.99,0.0,6.2,4.8,1.4000000000000004,Train / Val
2017-06-06,270.874,272.466,270.277,272.267,12386827,0.0,0.0,271.94900000000007,0,265.0752000000002,0,244.50209999999987,0,224.8828799999999,0,244.04906666666653,0,25997.14,,5.4,7.6,2.1999999999999993,Train / Val
2017-06-07,273.263,274.258,269.481,271.471,13084272,0.0,0.0,271.71010000000007,1,266.19865000000016,0,245.38831999999988,0,225.6605799999999,0,244.04906666666653,0,25974.16,,5.7,4.5,1.2000000000000002,Train / Val
2017-06-08,271.471,273.064,270.078,272.068,14994316,0.0,0.0,271.6902000000001,0,267.37180000000023,0,246.35797999999988,0,226.43927999999988,0,244.04906666666653,0,26063.06,,5.5,6.9,1.4000000000000004,Train / Val
2017-06-09,276.447,282.02,274.855,276.049,69183612,0.0,0.0,271.7101000000001,0,268.53550000000024,0,247.45093999999986,0,227.23396999999986,0,244.04906666666653,0,26030.29,0.0,4.0,5.3,1.2999999999999998,Train / Val
2017-06-12,269.879,273.462,268.088,269.282,38020407,0.0,0.0,270.9737000000001,1,269.1821500000002,0,248.36487999999986,0,227.93318999999985,0,244.04906666666653,0,25708.04,,6.6,4.0,2.5999999999999996,Train / Val
2017-06-13,272.267,272.267,269.68,271.073,23003533,0.0,0.0,270.73480000000006,0,269.8786500000002,0,249.32257999999987,0,228.67016999999984,0,244.04906666666653,0,25852.1,0.296,5.9,4.8,1.1000000000000005,Train / Val
2017-06-14,272.665,276.049,271.67,276.049,22610380,0.0,0.0,271.7100000000001,0,270.8339000000002,0,250.35595999999987,0,229.44797999999983,0,244.04906666666653,0,25875.9,,4.0,4.3,0.2999999999999998,Train / Val
2017-06-15,275.651,275.651,271.67,271.67,18220693,0.0,0.0,271.8891000000001,1,271.52055000000024,0,251.26205999999988,0,230.2117799999998,0,244.04906666666653,0,25565.34,,5.6,4.9,0.6999999999999993,Train / Val
2017-06-16,271.471,275.054,271.272,271.272,20927343,0.0,0.0,272.1478000000001,1,271.9788000000002,1,252.21579999999992,0,230.96166999999983,0,244.04906666666653,0,25626.49,,5.8,4.3,1.5,Train / Val
2017-06-19,273.462,277.641,272.865,277.442,16963532,0.0,0.0,272.86430000000007,0,272.49625000000026,0,253.34057999999993,0,231.75340999999983,0,244.04906666666653,0,25924.55,,3.6,5.9,2.3000000000000003,Train / Val
2017-06-20,281.423,282.418,277.84,278.636,16108404,0.0,0.0,273.5012000000001,0,272.7251000000002,0,254.44159999999997,0,232.55906999999982,0,244.04906666666653,0,25843.04,,3.1,6.4,3.3000000000000003,Train / Val
2017-06-21,278.835,280.228,275.651,277.84,16517148,0.0,0.0,274.1381000000001,0,272.9241000000003,0,255.45519999999996,0,233.37463999999983,0,244.04906666666653,0,25694.58,,7.0,5.9,1.0999999999999996,Train / Val
2017-06-22,281.224,282.418,279.034,280.228,15573926,0.0,0.0,274.9541000000001,0,273.3221500000003,0,256.53245999999996,0,234.2130999999998,0,244.04906666666653,0,25674.53,,6.5,5.5,1.0,Train / Val
2017-06-23,281.224,281.423,278.835,278.835,12763476,0.0,0.0,275.23270000000014,0,273.47140000000024,0,257.59773999999993,0,235.03762999999978,0,244.04906666666653,0,25670.05,,7.3,5.0,2.3,Train / Val
2017-06-26,279.631,283.612,279.432,282.617,16455438,0.0,0.0,276.5662000000001,0,273.7699500000003,0,258.75453999999996,0,235.87019999999976,0,244.04906666666653,0,25871.89,,6.6,4.9,1.6999999999999993,Train / Val
2017-06-27,283.214,286.995,281.423,286.597,20034778,0.0,0.0,278.11860000000013,0,274.42670000000027,0,260.0187399999999,0,236.70086999999978,0,244.04906666666653,0,25839.99,,5.8,4.3,1.5,Train / Val
2017-06-28,282.617,285.602,280.627,281.423,25379040,0.0,0.0,278.6560000000001,0,275.1830000000003,0,261.06031999999993,0,237.48575999999974,0,244.04906666666653,0,25683.5,,7.8,4.5,3.3,Train / Val
2017-06-29,285.602,285.801,281.224,282.617,15915273,0.0,0.0,279.75070000000017,0,275.8199000000003,0,262.13372,0,238.26073999999974,0,244.04906666666653,0,25965.42,,8.7,4.5,4.199999999999999,Train / Val
2017-06-30,277.641,279.233,276.049,277.84,20917886,0.0,0.0,280.40750000000014,1,276.2776500000003,0,263.16321999999997,0,239.00184999999976,0,244.04906666666653,0,25764.58,,10.5,2.6,7.9,Train / Val
2017-07-03,277.044,279.432,276.447,279.432,12980644,0.0,0.0,280.60650000000015,1,276.73540000000025,0,264.18087999999995,0,239.76086999999978,0,244.04906666666653,0,25784.17,,12.0,3.0,9.0,Train / Val
2017-07-04,277.442,277.84,265.103,267.889,39021127,0.0,0.0,279.53180000000015,1,276.5165000000003,1,264.84057999999993,0,240.38062999999977,0,244.04906666666653,0,25389.01,,17.9,4.9,12.999999999999998,Train / Val
2017-07-05,265.302,272.068,259.132,269.68,44469113,0.0,0.0,278.7158000000001,1,276.4269500000003,1,265.54007999999993,0,241.03815999999978,0,244.04906666666653,0,25521.97,,17.3,4.8,12.5,Train / Val
2017-07-06,273.263,273.661,269.879,270.476,16896004,0.0,0.0,277.74060000000014,1,276.3473500000003,1,266.22371999999996,0,241.71754999999976,0,244.04906666666653,0,25465.22,,16.9,3.8,13.099999999999998,Train / Val
2017-07-07,266.496,269.282,265.7,267.69,18051304,0.0,0.0,276.6261000000001,1,275.92940000000027,1,266.75633999999997,0,242.36708999999973,0,244.04906666666653,0,25340.85,,18.1,4.3,13.8,Train / Val
2017-07-10,268.685,270.675,268.088,270.277,13037177,0.0,0.0,275.39210000000014,1,275.97915000000023,1,267.36451999999997,0,243.05838999999972,0,244.04906666666653,0,25500.06,,18.3,5.5,12.8,Train / Val
2017-07-11,272.466,277.641,272.466,277.044,18877039,0.0,0.0,274.4368000000001,0,276.2777000000002,0,268.04848,0,243.80742999999973,0,244.04906666666653,0,25877.64,,18.0,5.7,12.3,Train / Val
2017-07-12,278.238,281.821,277.641,279.83,15398833,0.0,0.0,274.27750000000015,0,276.4667500000002,0,268.81197999999995,0,244.59226999999973,0,244.04906666666653,0,26043.64,,18.4,5.3,13.099999999999998,Train / Val
2017-07-13,284.209,285.005,281.224,283.015,18892847,0.0,0.0,274.3173000000001,0,277.0340000000002,0,269.53989999999993,0,245.37122999999974,0,244.04906666666653,0,26346.17,,17.1,4.9,12.200000000000001,Train / Val
2017-07-14,283.612,284.01,281.025,283.413,11874513,0.0,0.0,274.8746000000001,0,277.64105000000023,0,270.36711999999994,0,246.10055999999975,0,244.04906666666653,0,26389.23,,16.9,5.7,11.2,Train / Val
2017-07-17,286.597,287.393,282.816,283.612,14312139,0.0,0.0,275.2926000000001,0,277.9495500000002,0,271.19831999999997,0,246.82988999999975,0,244.04906666666653,0,26470.58,,16.8,5.1,11.700000000000001,Train / Val
2017-07-18,285.204,286.0,283.811,285.403,11373710,0.0,0.0,277.04400000000015,0,278.2879000000002,0,272.04547999999994,0,247.55925999999974,0,244.04906666666653,0,26524.94,,16.1,4.8,11.3,Train / Val
2017-07-19,288.389,297.345,287.393,296.549,28377010,0.0,0.0,279.73090000000013,0,279.2233500000002,0,272.99641999999994,0,248.4298799999997,0,244.04906666666653,0,26672.16,,11.7,4.8,6.8999999999999995,Train / Val
2017-07-20,298.34,298.539,294.558,295.553,15998923,0.0,0.0,282.23860000000013,0,279.9896000000002,0,273.93537999999995,0,249.25082999999972,0,244.04906666666653,0,26740.21,,14.8,4.0,10.8,Train / Val
2017-07-21,296.549,299.136,293.563,295.553,11572492,0.0,0.0,285.0249000000001,0,280.8255000000002,0,274.7909399999999,0,250.07375999999974,0,244.04906666666653,0,26706.09,0.0,14.8,4.8,10.0,Train / Val
2017-07-24,296.549,301.325,295.753,300.728,15577849,0.0,0.0,288.0700000000001,0,281.7310500000002,0,275.67851999999993,0,250.98417999999972,0,244.04906666666653,0,26846.83,0.0,12.8,3.9,8.9,Train / Val
2017-07-25,300.927,303.315,300.131,300.131,18337415,0.0,0.0,290.3787000000001,0,282.4077500000002,0,276.53827999999993,0,251.89855999999975,0,244.04906666666653,0,26852.05,,13.1,4.0,9.1,Train / Val
2017-07-26,301.524,302.121,296.549,299.534,15441362,0.0,0.0,292.34910000000013,0,283.3133000000002,0,277.3900799999999,0,252.83873999999975,0,244.04906666666653,0,26941.02,,13.3,4.4,8.9,Train / Val
2017-07-27,301.524,307.097,300.131,306.898,17309216,0.0,0.0,294.73740000000015,0,284.5273500000002,0,278.3692999999999,0,253.85454999999976,0,244.04906666666653,0,27131.17,,10.6,4.1,6.5,Train / Val
2017-07-28,303.116,305.903,301.524,303.315,22259614,0.0,0.0,296.72760000000017,0,285.8011000000002,0,279.1934599999999,0,254.83849999999975,0,244.04906666666653,0,26979.39,,11.9,4.2,7.7,Train / Val
2017-07-31,303.913,312.869,303.913,311.874,21609121,0.0,0.0,299.55380000000014,0,287.4232000000002,0,280.0890799999999,0,255.90009999999975,0,244.04906666666653,0,27323.99,,8.8,4.2,4.6000000000000005,Train / Val
2017-08-01,307.495,315.854,307.495,312.869,20797165,0.0,0.0,302.3004000000002,0,289.67220000000015,0,280.8652799999999,0,256.95178999999973,0,244.04906666666653,0,27540.23,,8.5,4.6,3.9000000000000004,Train / Val
2017-08-02,313.466,316.252,310.281,311.077,18487436,0.0,0.0,303.7532000000002,0,291.7420500000002,0,281.6096199999999,0,257.95974999999976,0,244.04906666666653,0,27607.38,,9.1,4.9,4.199999999999999,Train / Val
2017-08-03,309.286,311.078,306.5,307.097,23471273,0.0,0.0,304.9076000000002,0,293.5731000000002,0,282.3062199999999,0,258.92392999999976,0,244.04906666666653,0,27531.01,,10.5,4.8,5.7,Train / Val
2017-08-04,309.684,313.864,308.291,309.883,17217901,0.0,0.0,306.34060000000017,0,295.68275000000017,0,282.98687999999987,0,259.9397999999998,0,244.04906666666653,0,27562.68,0.0,9.5,4.7,4.8,Train / Val
2017-08-07,313.864,319.835,313.466,319.039,21296305,0.0,0.0,308.17170000000016,0,298.12085000000013,0,283.8347399999999,0,261.0214199999998,0,244.04906666666653,0,27690.36,,6.4,4.7,1.7000000000000002,Train / Val
2017-08-08,318.839,327.0,318.441,327.0,22771430,0.0,0.0,310.85860000000014,0,300.6186500000002,0,284.9054999999999,0,262.1528599999998,0,244.04906666666653,0,27854.91,,3.8,4.8,1.0,Train / Val
2017-08-09,324.412,331.378,324.412,328.592,26055300,0.0,0.0,313.76440000000014,0,303.05675000000014,0,286.1513999999999,0,263.3081699999998,0,244.04906666666653,0,27757.09,,3.3,4.8,1.5,Train / Val
2017-08-10,326.402,328.791,321.228,325.009,27585584,0.0,0.0,315.57550000000015,0,305.1564500000001,0,287.25399999999985,0,264.4276499999998,0,244.04906666666653,0,27444.0,,4.4,4.9,0.5,Train / Val
2017-08-11,312.471,317.645,308.689,309.087,57667931,0.0,0.0,316.15270000000015,1,306.4401500000001,0,288.06203999999985,0,265.32634999999976,0,244.8560333333332,0,26883.51,,9.8,3.7,6.1000000000000005,Train / Val
2017-08-14,312.471,323.218,312.471,322.422,30656758,0.0,0.0,317.20750000000015,0,308.3806500000001,0,289.1049399999999,0,266.34648999999973,0,245.75454666666653,0,27250.23,,5.2,6.0,0.7999999999999998,Train / Val
2017-08-15,326.402,328.791,317.247,317.247,23926140,0.0,0.0,317.64530000000013,1,309.9728500000001,0,290.00453999999985,0,267.25331999999975,0,246.5900999999999,0,27174.96,,7.0,3.3,3.7,Train / Val
2017-08-16,317.844,323.019,317.844,321.626,23592733,0.0,0.0,318.7002000000001,0,311.2267000000001,0,291.00763999999987,0,268.19797999999975,0,247.4429333333332,0,27409.07,,5.5,6.4,0.9000000000000004,Train / Val
2017-08-17,338.742,339.339,327.796,327.796,44326795,0.0,0.0,320.77010000000007,0,312.83885000000015,0,292.1221999999999,0,269.2400899999998,0,248.33358666666658,0,27344.22,,3.0,5.4,2.4000000000000004,Train / Val
2017-08-18,323.019,327.796,322.024,324.213,24215583,0.0,0.0,322.2031000000001,0,314.27185000000014,0,293.0854799999999,0,270.2682099999997,0,249.18447333333324,0,27047.57,,4.5,5.1,0.5999999999999996,Train / Val
2017-08-21,328.393,328.791,324.412,324.412,15608008,0.0,0.0,322.74040000000014,0,315.4560500000001,0,294.1880799999999,0,271.27647999999976,0,250.01815333333323,0,27154.68,,6.1,5.6,0.5,Train / Val
2017-08-22,326.402,327.597,322.422,322.422,14711626,0.0,0.0,322.2826000000001,0,316.5706000000001,0,295.2150599999999,0,272.2688199999998,0,250.85179999999988,0,27401.67,,7.9,5.1,2.8000000000000007,Train / Val
2017-08-23,322.422,322.422,322.422,322.422,0,0.0,0.0,321.66560000000015,0,317.71500000000015,0,296.14251999999993,0,273.24923999999976,0,251.67949333333323,0,,,7.9,5.6,2.3000000000000007,Train / Val
2017-08-24,331.378,331.378,323.616,325.805,23429770,0.0,0.0,321.7452000000001,0,318.66035000000016,0,297.2252199999999,0,274.24363999999974,0,252.54959333333323,0,27518.6,,6.8,5.2,1.5999999999999996,Train / Val
2017-08-25,327.398,327.398,321.029,326.801,19929522,0.0,0.0,323.5166000000001,0,319.8346500000002,0,298.3357999999999,0,275.2757999999997,0,253.4197133333332,0,27848.16,,6.5,5.3,1.2000000000000002,Train / Val
2017-08-28,325.407,327.398,319.835,321.427,22343373,0.0,0.0,323.4171000000001,1,320.31230000000016,0,299.2154999999999,0,276.2780399999997,0,254.24077333333324,0,27863.29,,8.2,3.7,4.499999999999999,Train / Val
2017-08-29,318.64,320.432,313.068,318.242,22207064,0.0,0.0,323.51660000000015,1,320.5809500000002,1,300.00761999999986,0,277.2246099999997,0,255.04191999999992,0,27765.01,,9.3,3.4,5.9,Train / Val
2017-08-30,324.014,326.004,321.427,325.009,17631515,0.0,0.0,323.85490000000016,0,321.2775500000002,0,300.95099999999985,0,278.2030999999997,0,255.90009333333322,0,28094.61,,7.0,7.1,0.09999999999999964,Train / Val
2017-08-31,325.009,328.791,325.009,327.398,17317121,0.0,0.0,323.8151000000002,0,322.2926000000002,0,301.8943999999999,0,279.21342999999973,0,256.7735333333332,0,27970.3,,6.3,6.4,0.10000000000000053,Train / Val
2017-09-01,330.184,330.582,324.611,324.611,23454734,0.0,0.0,323.85490000000016,0,323.0290000000002,0,302.8099199999999,0,280.2038299999997,0,257.62839333333324,0,27953.16,,7.2,5.5,1.7000000000000002,Train / Val
2017-09-04,323.417,324.412,319.835,320.432,15521481,0.0,0.0,323.4569000000002,1,323.09865000000025,1,303.56621999999993,0,281.16037999999975,0,258.4355399999999,0,27740.26,,8.6,3.7,4.8999999999999995,Train / Val
2017-09-05,321.626,324.412,319.636,320.233,13836022,0.0,0.0,323.23800000000017,1,322.76030000000026,1,304.23893999999996,0,282.12883999999974,0,259.2135599999999,0,27741.35,,9.1,3.7,5.3999999999999995,Train / Val
2017-09-06,319.238,324.014,317.645,322.621,17260324,0.0,0.0,323.2579000000002,1,322.4617500000003,0,305.0628999999999,0,283.06160999999975,0,260.01147333333324,0,27613.76,,9.1,4.6,4.5,Train / Val
2017-09-07,325.009,325.208,318.839,319.039,16216841,0.0,0.0,322.5813000000002,1,322.16325000000023,1,305.79133999999993,0,283.96252999999973,0,260.7709399999999,0,27522.92,,10.3,5.2,5.1000000000000005,Train / Val
2017-09-08,321.626,322.422,319.835,320.233,10837901,0.0,0.0,321.92450000000025,1,322.7205500000003,1,306.6391999999999,0,284.90120999999976,0,261.54763333333324,0,27668.47,,9.9,4.9,5.0,Train / Val
2017-09-11,321.228,329.189,320.631,329.189,23848866,0.0,0.0,322.7007000000002,0,323.0589000000003,0,307.6343399999999,0,285.90760999999975,0,262.3853599999999,0,27955.13,,6.9,6.5,0.40000000000000036,Train / Val
2017-09-12,333.368,333.567,328.791,331.378,15271955,0.0,0.0,324.0143000000002,0,323.7654500000002,0,308.9041199999999,0,286.87234999999976,0,263.2217933333332,0,27972.24,,6.2,5.2,1.0,Train / Val
2017-09-13,333.368,333.368,328.99,332.373,14802934,0.0,0.0,324.7507000000002,0,324.3028000000002,0,310.1579799999999,0,287.84902999999974,0,264.07809999999984,0,27894.08,0.6705,5.9,6.7,0.7999999999999998,Train / Val
2017-09-14,333.368,337.747,332.174,335.359,19055410,0.0,0.0,325.5468000000002,0,324.6809500000002,0,311.4556399999999,0,288.8396799999997,0,264.9635799999998,0,27777.2,,5.5,4.8,0.7000000000000002,Train / Val
2017-09-15,335.359,338.941,332.572,337.15,24571497,0.0,0.0,326.80070000000023,0,325.3278000000002,0,312.8448399999999,0,289.8005899999997,0,265.8596733333332,0,27807.59,,5.2,4.1,1.1000000000000005,Train / Val
2017-09-18,339.339,344.315,339.339,344.315,18391711,0.0,0.0,329.1890000000002,0,326.32295000000016,0,314.3255999999999,0,290.8450599999997,0,266.81412666666654,0,28159.77,,3.0,5.2,2.2,Train / Val
2017-09-19,346.703,347.897,341.727,342.524,21945708,0.0,0.0,331.4181000000002,0,327.3280500000002,0,315.6351999999999,0,291.8418399999997,0,267.7500199999999,0,28051.41,,3.5,4.4,0.9000000000000004,Train / Val
2017-09-20,341.329,345.708,341.329,344.713,13674167,0.0,0.0,333.6273000000002,0,328.44260000000014,0,316.9328599999999,0,292.87241999999975,0,268.7057999999999,0,28127.8,,2.9,4.6,1.6999999999999997,Train / Val
2017-09-21,343.32,346.703,342.723,345.509,14893320,0.0,0.0,336.2743000000002,0,329.4278000000001,0,318.1827399999999,0,293.86131999999975,0,269.64173333333326,0,28110.33,,2.6,4.6,1.9999999999999996,Train / Val
2017-09-22,342.325,345.509,341.528,344.514,14354595,0.0,0.0,338.70240000000024,0,330.3134500000001,0,319.4047599999999,0,294.8859399999998,0,270.53529333333324,0,27880.53,,2.9,4.4,1.5000000000000004,Train / Val
2017-09-25,343.519,344.116,338.742,339.936,22328070,0.0,0.0,339.77710000000025,0,331.2389000000001,0,320.5312399999999,0,295.86477999999977,0,271.39700666666664,0,27500.34,,4.3,4.6,0.2999999999999998,Train / Val
2017-09-26,328.393,337.548,327.0,335.956,34724499,0.0,0.0,340.23490000000027,1,332.1246000000001,0,321.5422999999999,0,296.79388999999975,0,272.2202733333333,0,27513.01,,5.6,3.1,2.4999999999999996,Train / Val
2017-09-27,335.956,339.936,335.359,336.752,13521570,0.0,0.0,340.6728000000002,1,332.7117500000001,0,322.3463599999999,0,297.67138999999975,0,273.06870666666657,0,27642.43,,5.3,3.3,2.0,Train / Val
2017-09-28,336.752,338.941,331.378,331.378,17292632,0.0,0.0,340.2747000000003,1,332.9107500000001,1,323.06285999999994,0,298.4991199999998,0,273.8548399999999,0,27421.6,,7.0,4.3,2.7,Train / Val
2017-09-29,332.97,335.757,331.577,334.563,12861135,0.0,0.0,340.01600000000025,1,333.4083500000001,0,323.8430599999999,0,299.3169999999998,0,274.6635266666666,0,27554.3,,6.0,4.3,1.7000000000000002,Train / Val
2017-10-03,343.917,345.111,339.936,345.111,18517760,0.0,0.0,340.0956000000002,0,334.6423000000001,0,324.7307199999999,0,300.20461999999975,0,275.56635999999986,0,28173.21,,3.9,6.1,2.1999999999999997,Train / Val
2017-10-04,346.703,349.29,346.305,347.698,11708684,0.0,0.0,340.6130000000002,0,336.01555000000013,0,325.6820599999999,0,301.11016999999975,0,276.49305999999984,0,28379.18,,4.4,7.0,2.5999999999999996,Train / Val
2017-10-06,351.679,351.878,348.494,350.286,13355238,0.0,0.0,341.1703000000002,0,337.3988000000001,0,326.6970999999999,0,302.04358999999977,0,277.45819333333316,0,28458.04,,4.7,5.6,0.8999999999999995,Train / Val
2017-10-09,350.286,351.281,346.902,347.3,13455864,0.0,0.0,341.34940000000023,0,338.81185000000016,0,327.5051399999999,0,302.93721999999974,0,278.40474666666654,0,28326.59,,8.8,5.5,3.3000000000000007,Train / Val
2017-10-10,349.091,350.883,348.096,349.489,10823170,0.0,0.0,341.84690000000023,0,340.2746500000001,0,328.4286199999999,0,303.81103999999976,0,279.3685399999999,0,28490.83,,11.3,5.2,6.1000000000000005,Train / Val
2017-10-11,349.489,350.883,347.698,349.888,17642355,0.0,0.0,342.8421000000002,0,341.3096000000001,0,329.18889999999993,0,304.63898999999975,0,280.3296999999999,0,28389.57,,13.4,4.8,8.600000000000001,Train / Val
2017-10-12,350.286,352.077,348.494,348.494,14874040,0.0,0.0,344.0959000000002,0,342.1654000000001,0,329.9013999999999,0,305.38333999999975,0,281.26832666666655,0,28459.03,,13.8,4.8,9.0,Train / Val
2017-10-13,345.509,348.494,344.713,347.499,20928347,0.0,0.0,345.17060000000026,0,342.9217000000001,0,330.6298399999999,0,306.1197299999997,0,282.1831133333332,0,28476.43,,14.1,4.7,9.399999999999999,Train / Val
2017-10-16,350.286,353.868,348.693,353.868,17588494,0.0,0.0,347.41960000000023,0,343.8471500000001,0,331.56525999999985,0,306.9357399999997,0,283.1377066666666,0,28692.8,,12.1,4.5,7.6,Train / Val
2017-10-17,354.664,354.664,351.281,353.072,12885350,0.0,0.0,349.2705000000002,0,344.64325000000014,0,332.4290399999998,0,307.70795999999973,0,284.1028799999999,0,28697.49,,12.3,4.5,7.800000000000001,Train / Val
2017-10-18,347.897,353.072,347.897,352.873,11974333,0.0,0.0,350.0467000000002,0,345.0711500000001,0,333.1057199999998,0,308.47022999999973,0,285.0495199999999,0,28711.76,,12.4,4.2,8.2,Train / Val
2017-10-19,354.465,354.664,343.917,344.514,21617366,0.0,0.0,349.7283000000003,1,345.17065000000014,1,333.4559999999998,0,309.1807499999997,0,285.92057333333327,0,28159.09,0.6597,15.1,5.5,9.6,Train / Val
2017-10-20,346.305,348.892,346.305,347.897,14319859,0.0,0.0,349.4894000000003,1,345.32985000000014,0,333.8420999999998,0,309.99674999999974,0,286.8194799999999,0,28487.24,,15.8,5.9,9.9,Train / Val
2017-10-23,349.888,349.888,345.708,346.902,9767821,0.0,0.0,349.44960000000026,1,345.3995000000001,0,334.2799599999997,0,310.7669799999997,0,287.7117533333332,0,28305.88,,20.5,5.2,15.3,Train / Val
2017-10-24,345.509,347.897,343.718,345.708,15417200,0.0,0.0,349.07150000000024,1,345.4592000000001,0,335.01237999999967,0,311.5372099999997,0,288.55502666666655,0,28154.97,,26.5,5.1,21.4,Train / Val
2017-10-25,346.504,350.883,346.305,350.286,12989841,0.0,0.0,349.11130000000026,0,345.9767000000001,0,335.5696599999997,0,312.3372999999997,0,289.4208799999999,0,28302.89,,24.9,6.6,18.299999999999997,Train / Val
2017-10-26,347.101,348.892,344.713,345.31,15826872,0.0,0.0,348.79290000000026,1,346.44440000000014,1,336.1309199999998,0,313.0677299999997,0,290.21251999999987,0,28202.38,,26.7,4.6,22.1,Train / Val
2017-10-27,346.305,346.902,344.713,346.106,16161754,0.0,0.0,348.65360000000027,1,346.9121000000001,1,336.6205199999997,0,313.8140799999997,0,291.00549333333316,0,28438.85,,26.4,4.7,21.7,Train / Val
2017-10-30,351.281,351.281,347.3,347.897,16538825,0.0,0.0,348.05650000000026,1,347.7380500000001,0,337.02253999999976,0,314.5723699999997,0,291.83423999999985,0,28336.19,,25.7,5.2,20.5,Train / Val
2017-10-31,350.286,350.684,347.698,348.096,12706629,0.0,0.0,347.5589000000003,0,348.4147000000001,1,337.50019999999984,0,315.2928399999997,0,292.6788733333332,0,28245.54,,25.7,7.3,18.4,Train / Val
2017-11-01,350.286,358.645,349.888,358.247,22026178,0.0,0.0,348.09630000000027,0,349.0715000000001,0,338.1768999999998,0,316.18248999999975,0,293.5766199999999,0,28594.06,-0.2235,22.1,5.9,16.200000000000003,Train / Val
2017-11-02,359.043,362.824,355.858,360.038,17931996,0.0,0.0,349.64870000000025,0,349.6885000000001,0,338.9292199999998,0,317.07213999999976,0,294.4889533333332,0,28518.64,-0.2732,21.5,5.1,16.4,Train / Val
2017-11-03,362.824,366.606,361.829,366.208,16625181,0.0,0.0,351.47980000000024,0,350.4846000000001,0,339.8049399999998,0,317.97372999999976,0,295.4344733333332,0,28603.61,,19.5,4.6,14.9,Train / Val
2017-11-06,367.8,377.751,362.824,375.164,25043422,0.0,0.0,354.3060000000002,0,351.8778000000001,0,340.79211999999984,0,319.00866999999977,0,296.42646666666656,0,28596.8,,16.6,4.9,11.700000000000001,Train / Val
2017-11-07,378.547,389.096,378.348,389.096,25585700,0.0,0.0,358.6448000000002,0,353.85815000000014,0,342.0380199999999,0,320.1869099999998,0,297.52987333333317,0,28994.34,,12.4,4.3,8.100000000000001,Train / Val
2017-11-08,385.314,396.659,380.537,383.722,43983824,0.0,0.0,361.9884000000002,0,355.5498500000001,0,343.2839199999999,0,321.2497099999998,0,298.6133333333332,0,28907.6,0.0,14.0,4.5,9.5,Train / Val
2017-11-09,383.324,390.489,383.324,385.911,23906595,0.0,0.0,366.0485000000002,0,357.4207000000001,0,344.6373,0,322.3224599999998,0,299.6955066666665,0,29136.57,,13.4,4.2,9.2,Train / Val
2017-11-10,381.533,388.897,381.533,383.523,17152006,0.0,0.0,369.7902000000002,0,359.2219000000001,0,345.80758000000003,0,323.3792899999998,0,300.7379266666665,0,29120.92,,14.1,4.7,9.399999999999999,Train / Val
2017-11-13,383.125,390.091,383.125,385.712,17666194,0.0,0.0,373.5717000000002,0,360.81410000000017,0,346.97386,0,324.4341299999998,0,301.80023999999986,0,29182.18,,13.4,4.7,8.7,Train / Val
2017-11-14,392.081,392.081,385.513,386.11,20492898,0.0,0.0,377.3731000000002,0,362.4660000000001,0,348.20383999999996,0,325.5068799999998,0,302.8704999999998,0,29152.12,,13.3,4.6,8.700000000000001,Train / Val
2017-11-15,381.931,386.11,381.135,381.135,23436345,0.0,0.0,379.6619000000002,0,363.87910000000016,0,349.4178999999999,0,326.4920599999998,0,303.9128866666665,0,28851.69,,14.8,4.9,9.9,Train / Val
2017-11-16,386.309,391.882,382.13,389.892,32583706,0.0,0.0,382.6473000000002,0,366.14800000000014,0,350.81107999999995,0,327.52500999999984,0,305.02291999999983,0,29018.76,,12.2,4.5,7.699999999999999,Train / Val
2017-11-17,395.066,403.027,395.066,401.435,34542285,0.0,0.0,386.1700000000002,0,368.8249000000002,0,352.38735999999994,0,328.72512999999975,0,306.17019333333315,0,29199.04,,9.0,4.3,4.7,Train / Val
2017-11-20,403.425,417.954,403.425,417.954,35231740,0.0,0.0,390.44900000000024,0,372.37750000000017,0,354.36566,0,330.0784999999998,0,307.4302399999998,0,29260.31,,4.7,4.2,0.5,Train / Val
2017-11-21,422.93,437.459,418.75,427.906,50468370,0.0,0.0,394.33000000000027,0,376.48740000000015,0,356.51912,0,331.57915999999983,0,308.7738466666665,0,29818.07,,1.9,4.0,2.1,Train / Val
2017-11-22,434.872,435.867,422.333,424.721,39601842,0.0,0.0,398.42990000000026,0,380.20915000000014,0,358.42976000000004,0,333.0320499999998,0,310.08165999999983,0,30003.49,0.0,1.2,4.5,3.3,Train / Val
2017-11-23,422.93,429.896,416.163,417.556,32014753,0.0,0.0,401.59440000000023,0,383.8214500000001,0,360.15332,0,334.52871999999974,0,311.2993399999998,0,29707.94,,1.0,5.1,4.1,Train / Val
2017-11-24,416.76,421.935,412.581,413.775,33069910,0.0,0.0,404.61960000000016,0,387.20490000000007,0,361.78136000000006,0,335.9696699999997,0,312.4931399999998,0,29866.32,,1.7,4.8,3.0999999999999996,Train / Val
2017-11-27,413.974,414.969,408.003,409.396,25746296,0.0,0.0,406.98800000000017,0,390.27985000000007,0,363.2621000000001,0,337.35886999999974,0,313.6471533333331,0,29686.19,,2.8,4.4,1.6000000000000005,Train / Val
2017-11-28,406.013,417.357,400.241,417.158,39406800,0.0,0.0,410.0928000000002,0,393.7329500000001,0,364.86226000000005,0,338.85354999999976,0,314.82114666666644,0,29680.85,,0.9,4.8,3.9,Train / Val
2017-11-29,420.144,420.741,408.799,409.595,27073413,0.0,0.0,412.9388000000002,1,396.30035000000004,0,366.1678600000001,0,340.24672999999973,0,315.9526599999998,0,29623.83,,-0.2,3.8,4.0,Train / Val
2017-11-30,396.858,403.426,396.062,396.062,55969740,0.0,0.0,413.5558000000002,1,398.10155000000003,1,367.2386200000001,0,341.43690999999967,0,316.9740999999998,0,29177.35,-0.25,5.0,4.2,0.7999999999999998,Train / Val
2017-12-01,396.062,400.042,383.125,383.125,79028748,0.0,0.0,411.72480000000013,1,398.9474000000001,1,368.0068600000001,0,342.4698599999997,0,317.9172333333331,0,29074.24,,10.9,4.6,6.300000000000001,Train / Val
2017-12-04,382.13,395.862,375.363,386.508,46134931,0.0,0.0,408.5802000000001,1,399.5146000000001,1,368.82684000000006,0,343.50478999999973,0,318.8498266666665,0,29138.28,,11.3,3.9,7.4,Train / Val
2017-12-05,378.149,384.12,374.169,374.169,44389024,0.0,0.0,403.2065000000001,1,398.7682500000002,1,369.4199400000001,0,344.4123499999997,0,319.73060666666646,0,28842.8,,16.1,4.8,11.3,Train / Val
2017-12-06,373.174,379.542,363.421,364.217,58301277,0.0,0.0,397.1561000000001,1,397.79300000000023,1,369.9055600000001,1,345.2183999999997,0,320.54503999999974,0,28224.8,,20.0,5.0,15.0,Train / Val
2017-12-07,371.979,377.552,365.412,376.159,39232605,0.0,0.0,393.0164000000001,1,397.3054000000002,1,370.70962000000014,0,346.1259599999997,0,321.4324666666664,0,28303.19,,18.1,5.5,12.600000000000001,Train / Val
2017-12-08,379.144,392.877,378.348,392.081,41462488,0.0,0.0,390.8470000000001,0,397.7333000000002,1,371.8162000000001,0,347.08127999999965,0,322.38632666666643,0,28639.85,,13.3,6.7,6.6000000000000005,Train / Val
2017-12-11,387.503,404.421,387.304,403.425,32016735,0.0,0.0,390.2499,0,398.6189500000002,0,373.25714000000005,0,348.1599999999997,0,323.41845999999975,0,28965.29,,10.1,7.0,3.0999999999999996,Train / Val
2017-12-12,405.018,408.799,389.494,391.285,32544146,0.0,0.0,387.66260000000005,0,398.87770000000023,1,374.3915800000001,0,349.1173199999997,0,324.34185999999977,0,28793.88,,13.5,6.5,7.0,Train / Val
2017-12-13,393.076,397.455,385.513,393.673,22632354,0.0,0.0,386.07040000000006,0,399.5046000000002,1,375.36282000000006,0,350.04676999999975,0,325.2573533333331,0,29222.1,,13.4,5.6,7.800000000000001,Train / Val
2017-12-14,399.047,400.639,390.688,395.265,16678498,0.0,0.0,385.9907000000001,0,399.7732500000002,1,376.3141600000001,0,350.9981099999997,0,326.17816666666647,0,29166.38,,13.0,5.2,7.8,Train / Val
2017-12-15,390.489,392.678,387.105,387.105,23201046,0.0,0.0,386.3887000000001,0,399.05675000000014,1,377.05054,0,351.87381999999974,0,327.04590666666644,0,28848.11,,15.4,4.5,10.9,Train / Val
2017-12-18,392.479,396.659,387.105,392.28,20264916,0.0,0.0,386.96590000000003,0,397.7730500000001,1,377.95014000000003,0,352.7276399999997,0,327.94152666666645,0,29050.41,-0.3818,15.2,2.9,12.299999999999999,Train / Val
2017-12-19,402.032,402.032,396.858,399.246,21109022,0.0,0.0,389.4736000000001,0,396.34005000000013,0,378.94527999999997,0,353.6869499999997,0,328.85578666666646,0,29253.66,,13.2,3.1,10.1,Train / Val
2017-12-20,396.659,398.45,394.867,395.464,13394104,0.0,0.0,392.59830000000005,0,394.8772000000002,0,379.8568,0,354.52284999999966,0,329.7115933333331,0,29234.09,,15.8,4.4,11.4,Train / Val
2017-12-21,395.066,400.44,393.275,397.853,18431377,0.0,0.0,394.7677,0,393.89205000000015,0,380.84398,0,355.3726899999997,0,330.5368866666664,0,29367.06,,18.7,4.1,14.6,Train / Val
2017-12-22,401.833,403.824,398.848,403.824,16146080,0.0,0.0,395.942,0,393.39450000000016,0,381.97048,0,356.3001599999997,0,331.40331333333313,0,29578.01,,17.0,4.2,12.8,Train / Val
2017-12-27,405.814,405.814,399.047,399.246,16680601,0.0,0.0,395.5241,0,392.8870000000001,0,382.87804000000006,0,357.2216499999997,0,332.2498399999998,0,29597.66,,18.3,4.3,14.0,Train / Val
2017-12-28,402.032,406.212,400.241,406.212,11662053,0.0,0.0,397.0168,0,392.3397000000001,0,383.94084000000004,0,358.1849399999997,0,333.1189199999998,0,29863.71,,16.3,4.4,11.9,Train / Val
2017-12-29,406.013,406.013,401.435,404.023,16601658,0.0,0.0,398.0518,0,392.0611000000001,0,384.96384000000006,0,359.0347799999997,0,333.96809999999977,0,29919.15,0.5106,17.4,6.2,11.2,Train / Val
2018-01-02,406.013,415.964,405.615,415.765,24080505,0.0,0.0,400.1018,0,393.04625000000016,0,386.3888600000001,0,359.92242999999974,0,334.91678666666644,0,30515.31,,14.1,3.9,10.2,Train / Val
2018-01-03,421.935,424.721,416.959,420.144,22780154,0.0,0.0,403.4057,0,394.89720000000017,0,387.83380000000005,0,360.83794999999975,0,335.9424333333331,0,30560.95,,12.9,4.6,8.3,Train / Val
2018-01-04,424.92,430.294,422.134,429.697,27904538,0.0,0.0,407.1474,0,397.05665000000016,0,389.4897000000001,0,361.8848299999998,0,337.0078866666665,0,30736.48,,10.4,4.0,6.4,Train / Val
2018-01-05,434.275,434.275,426.114,431.09,19958447,0.0,0.0,410.33180000000004,0,399.9027000000002,0,391.1973400000001,0,363.10485999999975,0,338.09058666666647,0,30814.64,,10.0,5.3,4.7,Train / Val
2018-01-08,434.076,437.061,431.687,436.464,17994826,0.0,0.0,414.4318,0,403.5150500000002,0,392.92090000000013,0,364.24527999999975,0,339.19849999999974,0,30899.53,-0.0772,8.7,4.5,4.199999999999999,Train / Val
2018-01-09,438.852,444.226,436.862,441.638,24476517,0.0,0.0,418.8103,0,406.7890000000002,0,394.84746000000007,0,365.4891899999997,0,340.32763999999975,0,31011.41,,7.4,4.6,2.8000000000000007,Train / Val
2018-01-10,443.629,444.027,437.857,438.255,18007353,0.0,0.0,422.25340000000006,0,409.09770000000015,0,396.6904400000001,0,366.6554799999997,0,341.4395333333331,0,31073.72,,8.2,4.8,3.3999999999999995,Train / Val
2018-01-11,433.876,435.867,427.309,427.309,27635787,0.0,0.0,425.0597000000001,0,410.29190000000017,0,398.2786800000001,0,367.65060999999974,0,342.4744733333331,0,31120.39,-0.3182,11.0,5.0,6.0,Train / Val
2018-01-12,429.697,440.046,428.702,440.046,19198950,0.0,0.0,428.4431000000001,0,412.7299500000002,0,400.11768000000006,0,368.8089399999997,0,343.56778666666645,0,31412.54,,7.8,3.7,4.1,Train / Val
2018-01-15,443.231,446.614,431.09,431.09,23394615,0.0,0.0,431.1498,1,414.60080000000016,0,401.57454000000007,0,369.8757199999997,0,344.6465066666664,0,31338.87,,10.0,3.0,7.0,Train / Val
2018-01-16,433.876,442.634,432.881,442.037,20592159,0.0,0.0,433.77700000000004,0,416.9394000000002,0,403.21452000000005,0,371.0718699999997,0,345.78626666666645,0,31904.75,,7.3,5.8,1.5,Train / Val
2018-01-17,440.842,446.813,437.061,446.813,24879570,0.0,0.0,436.44390000000004,0,419.92480000000023,0,404.82662000000005,0,372.31577999999973,0,346.92469333333315,0,31983.41,,6.1,5.8,0.2999999999999998,Train / Val
2018-01-18,450.396,451.789,442.634,445.619,21795983,0.0,0.0,438.0361,0,422.5917500000002,0,406.23572,0,373.5139199999997,0,348.0843533333331,0,32121.94,,6.4,5.4,1.0,Train / Val
2018-01-19,449.998,450.794,445.818,450.197,14749167,0.0,0.0,439.9468,0,425.1393000000003,0,407.45774,0,374.7478799999997,0,349.27718666666647,0,32254.89,0.8934,5.3,7.2,1.9000000000000004,Train / Val
2018-01-22,452.784,457.76,448.206,457.76,19364906,0.0,0.0,442.07640000000004,0,428.2541000000003,0,408.9384999999999,0,376.1112099999997,0,350.4793066666665,0,32393.41,,3.6,6.8,3.1999999999999997,Train / Val
2018-01-23,463.929,472.288,461.342,472.288,23871965,0.0,0.0,445.1414,0,431.9758500000004,0,410.6660399999999,0,377.65166999999974,0,351.7703199999998,0,32930.7,,0.4,5.5,5.1,Train / Val
2018-01-24,471.691,472.089,464.526,466.716,24929026,0.0,0.0,447.9875,0,435.12045000000035,0,412.3298999999999,0,379.06873999999976,0,353.02949333333316,0,32958.69,,1.6,5.5,3.9,Train / Val
2018-01-25,463.929,465.92,455.769,455.769,27732428,0.0,0.0,450.8335,0,437.9466000000004,0,413.7310399999999,0,380.35244999999975,0,354.1997666666665,0,32654.45,,4.1,4.9,0.8000000000000007,Train / Val
2018-01-26,461.939,468.905,461.74,468.905,22012532,0.0,0.0,453.71939999999995,0,441.08125000000047,0,415.38693999999987,0,381.79538999999977,0,355.46689999999984,0,33154.12,,1.1,4.6,3.4999999999999996,Train / Val
2018-01-29,471.492,474.279,464.128,469.303,22504576,0.0,0.0,457.5406999999999,0,444.3452500000005,0,417.1502999999999,0,383.28409999999974,0,356.7114733333332,0,32966.89,,-0.4,4.8,5.2,Train / Val
2018-01-30,460.944,467.313,458.954,459.551,22255680,0.0,0.0,459.29209999999995,0,446.5345500000005,0,418.54347999999993,0,384.6772799999997,0,357.86449999999985,0,32607.29,,1.4,4.6,3.1999999999999997,Train / Val
2018-01-31,453.381,466.119,452.983,461.342,27609235,0.0,0.0,460.7449999999999,0,448.5944500000005,0,419.7416199999999,0,386.0644899999997,0,359.0639599999998,0,32887.27,,0.7,4.6,3.8999999999999995,Train / Val
2018-02-01,463.73,464.526,457.76,457.76,17119372,0.0,0.0,461.9590999999999,1,449.9976000000005,0,420.5377399999998,0,387.4516999999998,0,360.23157999999984,0,32642.09,,0.0,3.7,3.7,Train / Val
2018-02-02,456.764,457.76,448.803,450.197,24328782,0.0,0.0,461.9590999999999,1,450.9529500000005,1,420.98355999999984,0,388.75133999999974,0,361.3806266666665,0,32601.78,,1.2,3.7,2.5,Train / Val
2018-02-05,431.687,443.629,430.692,438.852,40391973,0.0,0.0,460.0682999999999,1,451.07235000000054,1,421.2661799999998,0,389.84796999999975,0,362.4434266666665,0,32245.22,,3.9,4.1,0.19999999999999973,Train / Val
2018-02-06,420.94,423.328,405.217,408.003,86849711,0.0,0.0,453.6397999999999,1,449.3906000000005,1,421.0751199999998,1,390.61421999999976,0,363.3775199999998,0,30595.42,0.4767,11.7,5.5,6.199999999999999,Train / Val
2018-02-07,427.906,430.692,411.188,412.78,61051730,0.0,0.0,448.2461999999999,1,448.1168500000006,1,421.05521999999974,1,391.4182899999998,0,364.3315199999998,0,30323.2,,10.4,4.2,6.2,Train / Val
2018-02-08,416.76,421.935,411.984,418.153,35437925,0.0,0.0,444.4845999999999,1,447.65905000000066,1,421.23035999999973,1,392.2462299999998,0,365.3160333333331,0,30451.27,,9.5,4.9,4.6,Train / Val
2018-02-09,401.037,408.998,396.062,405.416,69156760,0.0,0.0,438.13569999999993,1,445.9275500000006,1,420.9955199999997,1,392.92888999999974,0,366.2342066666664,0,29507.42,,13.6,5.0,8.6,Train / Val
2018-02-12,410.789,417.755,407.605,407.605,33853960,0.0,0.0,431.9659,1,444.7533000000006,1,420.9557199999997,1,393.56178999999975,0,367.14972666666637,0,29459.63,,13.2,5.0,8.2,Train / Val
2018-02-13,417.158,423.527,415.964,420.343,23705127,0.0,0.0,428.04509999999993,1,443.6686000000006,1,421.4413399999997,1,394.3399799999998,0,368.10505333333305,0,29839.53,,11.3,6.0,5.300000000000001,Train / Val
2018-02-14,426.513,432.881,424.323,431.488,22285259,0.0,0.0,425.05969999999996,0,442.9023500000006,1,422.4085999999997,0,395.20772999999974,0,369.1161066666664,0,30515.6,,9.0,6.9,2.0999999999999996,Train / Val
2018-02-15,442.236,444.823,439.648,444.823,16354787,0.0,0.0,423.76599999999996,0,442.86255000000057,0,423.5748999999997,0,396.2008699999997,0,370.19482666666636,0,31115.43,,5.8,7.3,1.5,Train / Val
2018-02-20,447.808,450.794,442.634,443.629,20482027,0.0,0.0,423.1092,0,442.5341500000006,0,424.9640999999997,0,397.1920199999997,0,371.262933333333,0,30873.63,,6.1,6.0,0.09999999999999964,Train / Val
2018-02-21,446.415,455.769,445.022,455.769,20404622,0.0,0.0,424.8009,0,442.4346000000006,0,426.79513999999966,0,398.35034999999965,0,372.4106466666663,0,31431.89,,3.8,5.6,1.7999999999999998,Train / Val
2018-02-22,452.784,452.983,444.226,444.226,22385045,0.0,0.0,428.4232,0,441.0315000000006,0,428.15647999999965,0,399.4330499999997,0,373.4694666666664,0,30965.68,,6.5,4.8,1.7000000000000002,Train / Val
2018-02-23,451.789,452.386,447.211,451.192,14992072,0.0,0.0,432.2644,0,440.25530000000055,0,429.3386999999997,0,400.5774499999997,0,374.50041999999974,0,31267.17,,4.9,4.7,0.20000000000000018,Train / Val
2018-02-26,453.779,454.774,446.216,450.794,21252148,0.0,0.0,435.5285,0,440.0065500000005,0,430.2860799999997,0,401.7716099999998,0,375.53535999999974,0,31498.6,,5.0,4.7,0.2999999999999998,Train / Val
2018-02-27,455.769,455.769,440.046,443.828,22008908,0.0,0.0,439.3696999999999,0,438.75270000000046,0,431.33693999999974,0,402.8642599999998,0,376.52385999999973,0,31268.66,,6.6,4.6,2.0,Train / Val
2018-02-28,436.862,437.857,428.901,430.095,32560086,0.0,0.0,441.6187,1,436.7923000000004,1,432.0653799999998,1,403.7140999999998,0,377.38630666666637,0,30844.72,,10.0,2.2,7.8,Train / Val
2018-03-01,427.906,445.221,425.915,444.823,27113483,0.0,0.0,444.0667,0,436.05590000000046,0,433.0565399999998,0,404.6853499999998,0,378.3509199999997,0,31044.25,,6.4,6.1,0.3000000000000007,Train / Val
2018-03-02,434.872,438.454,433.876,433.876,25891511,0.0,0.0,444.30550000000005,1,434.68260000000043,1,433.99195999999984,1,405.5212499999998,0,379.246533333333,0,30583.45,,9.1,2.5,6.6,Train / Val
2018-03-05,433.876,437.459,422.93,422.93,24038693,0.0,0.0,442.11620000000005,1,432.94110000000046,1,434.60495999999983,1,406.27754999999974,0,380.02007999999967,0,29886.39,0.0,11.9,3.4,8.5,Train / Val
2018-03-06,432.881,441.837,427.906,436.464,24812525,0.0,0.0,441.39970000000005,1,432.2544500000005,0,435.34931999999986,0,407.14729999999975,0,380.90773999999965,0,30510.73,0.68,8.4,6.8,1.6000000000000005,Train / Val
2018-03-07,433.08,439.051,427.906,432.085,19256638,0.0,0.0,439.0313,1,431.91610000000037,0,436.08173999999985,1,407.96926999999977,0,381.7091466666663,0,30196.92,,9.5,6.5,3.0,Train / Val
2018-03-08,437.857,441.837,435.867,440.842,17506389,0.0,0.0,438.6929,0,433.5580500000004,0,436.94151999999985,0,408.89274999999975,0,382.5622999999996,0,30654.52,,7.4,8.3,0.9000000000000004,Train / Val
2018-03-09,442.833,446.017,442.833,444.823,13025075,0.0,0.0,438.05600000000004,0,435.1602000000004,0,437.76149999999984,0,409.86598999999967,0,383.4539399999996,0,30996.21,,6.4,7.1,0.6999999999999993,Train / Val
2018-03-12,453.182,457.76,452.585,457.76,25513013,0.0,0.0,438.7526000000001,0,437.14055000000036,0,438.93177999999983,0,410.90490999999963,0,384.45835999999963,0,31594.33,,3.4,5.1,1.6999999999999997,Train / Val
2018-03-13,457.76,460.546,453.58,460.546,18501646,0.0,0.0,440.42440000000005,0,439.8970500000004,0,440.01845999999983,0,411.97964999999965,0,385.4627799999996,0,31601.45,0.0,2.8,5.3,2.5,Train / Val
2018-03-14,455.172,461.541,451.391,461.342,22611788,0.0,0.0,443.5491,0,442.5839000000004,0,441.1648399999998,0,413.0643399999997,0,386.4114666666663,0,31435.01,,2.6,4.6,1.9999999999999996,Train / Val
2018-03-15,456.963,467.711,455.769,466.318,24702582,0.0,0.0,445.6986,0,444.88265000000035,0,442.17589999999984,0,414.2823799999996,0,387.34025333333295,0,31541.1,,1.5,4.4,2.9000000000000004,Train / Val
2018-03-16,464.725,470.497,462.934,462.934,23898970,0.0,0.0,448.6044,0,446.4549500000004,0,443.03169999999983,0,415.43274999999966,0,388.2358666666663,0,31501.97,,2.2,4.6,2.3999999999999995,Train / Val
2018-03-19,462.735,468.109,459.551,459.551,16287008,0.0,0.0,452.2665,0,447.19135000000034,0,443.62877999999984,0,416.55923999999965,0,389.132813333333,0,31513.76,,3.0,4.4,1.4000000000000004,Train / Val
2018-03-20,454.177,466.119,453.779,464.327,21953314,0.0,0.0,455.05280000000005,0,448.2262500000003,0,444.29351999999983,0,417.7454299999996,0,390.1677466666663,0,31549.93,,1.9,4.6,2.6999999999999997,Train / Val
2018-03-21,469.9,473.284,458.357,460.347,28243967,0.0,0.0,457.879,0,448.45515000000023,0,444.7711799999999,0,418.8460399999996,0,391.0872466666663,0,31414.52,0.1779,-0.8,4.3,5.1,Train / Val
2018-03-22,449.4,456.764,436.464,437.26,71848311,0.0,0.0,457.52080000000007,1,448.10685000000024,1,444.68361999999985,1,419.76553999999965,0,391.887333333333,0,31071.05,-0.3182,-0.2,4.2,4.4,Train / Val
2018-03-23,403.027,422.731,403.027,417.954,308436765,0.0,0.0,454.83389999999997,1,446.44495000000023,1,444.2775999999999,1,420.48401999999965,1,392.52951999999965,0,30309.29,0.0258,4.4,5.4,1.0,Train / Val
2018-03-26,417.357,428.901,410.391,424.522,47299723,0.0,0.0,451.51009999999997,1,445.1313500000003,1,444.2218599999999,1,421.25026999999966,0,393.17435999999964,0,30548.77,,2.8,4.9,2.1000000000000005,Train / Val
2018-03-27,433.08,436.464,428.105,430.095,42644182,0.0,0.0,448.465,1,444.4447000000003,1,444.0228399999999,1,422.0702599999997,0,393.8802399999996,0,30790.83,-0.6908,-1.1,4.2,5.300000000000001,Train / Val
2018-03-28,417.954,425.318,409.396,410.192,48964699,0.0,0.0,443.35,1,443.4495500000004,1,443.6048799999999,1,422.5897099999997,1,394.45210666666634,0,30022.53,0.4767,3.3,3.8,0.5,Train / Val
2018-03-29,411.984,414.969,403.226,407.605,41115421,0.0,0.0,437.47869999999995,1,441.5886500000003,1,442.9162399999999,1,423.0653799999997,1,395.019993333333,0,30093.38,,3.9,2.9,1.0,Train / Val
2018-04-03,402.629,410.391,398.649,407.406,32886586,0.0,0.0,431.9258999999999,1,440.26515000000035,1,442.1280999999999,1,423.47735999999975,1,395.58655333333303,0,30180.1,,4.0,3.0,1.0,Train / Val
2018-04-04,406.212,409.993,395.664,395.664,35861711,0.0,0.0,425.53719999999987,1,438.90185000000037,1,441.12899999999996,1,423.68235999999973,1,396.0522799999997,1,29518.69,0.0,7.0,7.4,0.40000000000000036,Train / Val
2018-04-06,402.828,407.605,398.45,403.824,26586340,0.0,0.0,419.48689999999976,1,437.2698500000004,1,440.20153999999997,1,423.82963999999976,1,396.5657666666664,0,29844.94,,4.9,3.2,1.7000000000000002,Train / Val
2018-04-09,406.013,412.581,402.231,408.003,21220762,0.0,0.0,414.25249999999977,1,436.0657500000005,1,439.2064,1,424.0724499999997,1,397.14293999999967,0,30229.58,,3.8,3.6,0.19999999999999973,Train / Val
2018-04-10,410.988,416.561,407.406,415.168,25584002,0.0,0.0,412.0432999999997,0,434.7820500000004,1,438.064,1,424.36501999999973,1,397.789113333333,0,30728.74,,2.0,5.7,3.7,Train / Val
2018-04-11,418.95,423.527,415.168,417.556,23911389,0.0,0.0,412.0034999999997,0,433.41870000000046,1,437.0808,1,424.70534999999967,1,398.406093333333,0,30897.71,,1.0,5.4,4.4,Train / Val
2018-04-12,420.343,421.537,406.809,411.188,20604298,0.0,0.0,410.6700999999997,0,431.09010000000046,1,436.18917999999996,1,424.9601099999997,1,398.964693333333,0,30831.28,-0.659,0.9,3.0,2.1,Train / Val
2018-04-13,414.571,414.77,405.217,406.013,19567202,0.0,0.0,408.2618999999997,1,428.36345000000046,1,434.93134,1,425.1591399999997,1,399.50737333333296,0,30808.38,,2.2,1.6,0.6000000000000001,Train / Val
2018-04-16,404.819,405.814,397.256,401.037,24901230,0.0,0.0,407.34639999999973,1,425.3482000000005,1,433.56602,1,425.3581599999996,1,400.04473999999965,0,30315.59,,3.4,2.4,1.0,Train / Val
2018-04-17,401.236,404.62,393.076,395.265,28414345,0.0,0.0,406.11239999999975,1,421.79555000000045,1,432.2803,1,425.41188999999963,1,400.54495333333296,1,30062.75,,4.9,7.5,2.5999999999999996,Train / Val
2018-04-18,402.231,403.027,391.484,398.052,28121104,0.0,0.0,405.1769999999998,1,418.5514500000005,1,431.0145,1,425.37805999999966,1,401.0478266666663,1,30284.25,,6.0,6.5,0.5,Train / Val
2018-04-19,402.032,405.217,398.649,403.824,21812372,0.0,0.0,405.99299999999977,1,415.76510000000053,1,429.93578,1,425.2367599999997,1,401.6130599999997,0,30708.44,,4.5,3.9,0.6000000000000001,Train / Val
2018-04-20,404.023,404.819,396.46,398.251,18108773,0.0,0.0,405.43569999999977,1,412.46130000000056,1,428.89686,1,424.94020999999964,1,402.13317999999964,1,30418.33,,6.0,6.9,0.9000000000000004,Train / Val
2018-04-23,395.663,398.251,391.683,392.081,19316986,0.0,0.0,403.8434999999997,1,409.04800000000057,1,427.96144,1,424.61380999999966,1,402.55245999999966,1,30254.4,,7.7,6.7,1.0,Train / Val
2018-04-24,394.668,397.455,392.28,394.668,14521724,0.0,0.0,401.7934999999997,1,406.9184000000006,1,427.69474,1,424.38492999999966,1,402.974393333333,1,30636.24,,7.0,5.9,1.0999999999999996,Train / Val
2018-04-25,388.897,391.086,382.926,384.916,34823644,0.0,0.0,398.5294999999997,1,405.2665000000005,1,427.1374600000001,1,424.0963399999996,1,403.32467999999966,1,30328.15,,9.7,5.8,3.8999999999999995,Train / Val
2018-04-26,386.11,388.698,375.363,380.339,34961200,0.0,0.0,395.4445999999997,1,403.05735000000055,1,426.3811800000001,1,423.8057699999996,1,403.62454666666633,1,30007.68,-0.128,11.0,5.7,5.3,Train / Val
2018-04-27,388.1,388.897,381.135,386.508,26446726,0.0,0.0,393.4940999999997,1,400.87800000000055,1,426.0030200000001,1,423.49926999999957,1,403.95359999999965,1,30280.67,,9.2,4.4,4.799999999999999,Train / Val
2018-04-30,390.489,391.683,387.304,389.096,12881205,0.0,0.0,392.29999999999967,1,399.8232000000006,1,425.63284000000016,1,423.29427999999956,1,404.25213999999966,1,30808.45,,8.5,5.2,3.3,Train / Val
2018-05-02,389.096,394.867,389.096,391.484,19203910,0.0,0.0,391.9218999999997,1,399.0171500000006,1,425.05566000000016,1,423.2484999999995,1,404.57853999999963,1,30723.88,,7.8,4.4,3.3999999999999995,Train / Val
2018-05-03,387.503,388.698,382.528,383.125,23905086,0.0,0.0,390.4291999999997,1,397.8031000000006,1,424.0884000000001,1,423.2484999999995,1,404.83461999999963,1,30313.37,-0.4023,10.2,5.3,4.8999999999999995,Train / Val
2018-05-04,387.702,387.702,380.139,380.936,19325968,0.0,0.0,388.1403999999997,1,397.06670000000065,1,422.81066000000015,1,423.1927799999996,1,405.0707999999996,1,29926.5,,10.8,4.4,6.4,Train / Val
2018-05-07,386.11,386.906,373.572,378.149,34266791,0.0,0.0,386.1301999999997,1,395.78295000000065,1,421.50106000000017,1,423.23257999999953,1,405.2950333333329,1,29994.26,,11.6,5.1,6.5,Train / Val
2018-05-08,382.13,391.683,380.139,388.698,33393975,0.0,0.0,385.7918999999997,0,394.8177000000006,1,420.15964000000014,1,423.4773899999995,1,405.6201133333329,1,30402.81,,9.0,6.2,2.8,Train / Val
2018-05-09,393.076,394.867,388.698,392.678,20938751,0.0,0.0,385.5928999999997,0,393.69320000000073,1,419.12868000000014,1,423.6425799999995,1,405.99825999999956,1,30536.14,,9.6,5.5,4.1,Train / Val
2018-05-10,397.057,404.62,396.062,404.222,31117306,0.0,0.0,387.5234999999997,0,393.02650000000074,0,418.1892800000002,1,423.7639899999995,1,406.4480599999996,1,30809.22,0.0,6.5,5.0,1.5,Train / Val
2018-05-11,409.993,412.979,406.013,406.809,24703301,0.0,0.0,390.1704999999997,0,392.80755000000073,0,417.3095800000002,1,423.7978299999995,1,406.95093333333296,1,31122.06,,5.8,4.7,1.0999999999999996,Train / Val
2018-05-14,412.979,414.77,407.008,409.794,20833909,0.0,0.0,392.4990999999997,0,392.99660000000074,0,416.6289000000002,1,423.9829199999995,1,407.45247333333293,0,31541.08,,5.0,4.0,1.0,Train / Val
2018-05-15,409.794,410.59,396.062,396.062,33138167,0.0,0.0,393.1956999999997,0,392.74785000000077,0,415.9482400000002,1,424.00680999999946,1,407.79214666666627,1,31152.03,,8.7,6.1,2.5999999999999996,Train / Val
2018-05-16,396.659,396.858,388.698,394.27,29613558,0.0,0.0,393.47429999999974,0,392.69810000000075,0,414.93718000000024,1,423.99685999999946,1,408.10262666666625,1,31110.2,,9.2,5.1,4.1,Train / Val
2018-05-17,421.935,422.134,407.207,408.998,69097901,0.0,0.0,396.0615999999997,0,393.2454000000008,0,414.4396200000002,1,424.2157899999994,1,408.4940399999996,0,30942.15,0.2755,5.2,4.4,0.7999999999999998,Train / Val
2018-05-18,413.067,413.865,406.884,409.876,21407723,0.88,0.0,398.9555999999997,0,393.5480000000008,0,414.1785400000002,1,424.3917499999994,1,408.9112133333329,0,31047.91,,5.0,0.7,4.3,Train / Val
2018-05-21,415.46,416.857,406.884,406.884,21440433,0.0,0.0,401.8290999999997,0,393.9796500000008,0,413.5869400000002,1,424.46812999999935,1,409.29384666666624,1,31234.35,,5.8,7.8,2.0,Train / Val
2018-05-23,411.671,413.267,405.887,405.887,24572225,0.0,0.0,403.5479999999997,0,394.66995000000077,0,413.06298000000015,1,424.5723599999994,1,409.6671733333329,1,30665.64,,6.0,6.4,0.40000000000000036,Train / Val
2018-05-24,409.876,410.275,401.499,405.887,17158987,0.0,0.0,404.86889999999977,0,395.2309000000008,0,412.3638800000001,1,424.6526999999994,1,410.0497933333329,1,30760.41,,6.0,6.8,0.7999999999999998,Train / Val
2018-05-25,401.898,406.485,400.502,402.895,16752353,0.0,0.0,404.7361999999997,1,396.12985000000083,0,411.52532000000014,1,424.64340999999934,1,410.41909999999956,1,30588.04,,6.8,4.6,2.2,Train / Val
2018-05-28,406.485,406.485,400.103,404.092,13391312,0.0,0.0,404.4644999999997,1,397.31750000000085,0,410.45196000000016,1,424.6918699999993,1,410.7539266666662,1,30792.26,0.296,6.5,5.3,1.2000000000000002,Train / Val
2018-05-29,402.695,405.089,400.9,400.9,12131694,0.0,0.0,403.5750999999997,1,398.0371000000008,0,409.25904000000025,1,424.63874999999933,1,411.0727799999995,1,30484.58,0.296,7.4,6.5,0.9000000000000004,Train / Val
2018-05-30,399.105,399.105,393.92,393.92,23245403,0.0,0.0,403.3608999999997,1,398.27830000000085,1,407.9106000000002,1,424.5377199999993,1,411.34642666666616,1,30056.79,,9.3,4.7,4.6000000000000005,Train / Val
2018-05-31,395.715,400.701,394.119,398.108,36770396,0.0,0.0,403.7446999999997,1,398.6095000000008,1,406.54640000000023,1,424.3611499999993,1,411.7037199999995,1,30468.56,,8.1,4.4,3.6999999999999993,Train / Val
2018-06-01,400.502,402.895,397.111,402.895,23154943,0.0,0.0,403.1343999999997,1,399.59800000000087,0,405.3456200000002,1,424.1886599999993,1,412.07037333333284,1,30492.91,,6.8,5.2,1.5999999999999996,Train / Val
2018-06-04,411.87,413.865,407.682,413.865,31279329,0.0,0.0,403.5332999999997,0,401.2444500000009,0,404.43190000000027,0,424.0303399999993,1,412.5167933333328,0,30997.98,,4.0,4.8,0.7999999999999998,Train / Val
2018-06-05,417.654,418.851,414.264,418.851,25879169,0.0,0.0,404.7299999999997,0,403.2795500000009,0,403.52238000000017,0,423.90794999999935,1,413.0044133333328,0,31093.45,,2.8,4.8,2.0,Train / Val
2018-06-06,420.048,423.838,419.649,423.838,23218762,0.0,0.0,406.5250999999996,0,405.0365500000009,0,402.79220000000015,0,423.78168999999934,0,413.49475999999953,0,31259.1,,1.6,4.3,2.6999999999999997,Train / Val
2018-06-07,429.821,430.419,424.635,428.026,24688648,0.0,0.0,408.73899999999963,0,406.8039500000009,0,402.60752000000025,0,423.64556999999934,0,414.04619999999954,0,31512.63,,-0.6,4.2,4.8,Train / Val
2018-06-08,425.433,425.433,411.471,413.865,28928220,0.0,0.0,409.8359999999997,0,407.2861000000009,0,402.5257400000002,0,423.40166999999934,1,414.49792666666616,1,30958.21,,1.8,7.3,5.5,Train / Val
2018-06-11,418.851,419.848,414.463,417.854,15480976,0.0,0.0,411.21219999999977,0,407.83835000000084,0,402.3923800000002,0,423.3071199999993,1,414.9643066666662,0,31063.7,,0.8,2.5,1.7,Train / Val
2018-06-12,419.25,421.245,415.062,416.258,12361698,0.0,0.0,412.74799999999976,0,408.1615500000009,0,402.1156400000002,0,423.06923999999935,1,415.41871999999955,0,31103.06,,0.6,2.6,2.0,Train / Val
2018-06-13,418.851,418.851,413.865,414.064,12210371,0.0,0.0,414.7623999999998,1,409.0616500000009,0,402.1930800000002,0,422.89897999999937,1,415.79083333333284,1,30725.15,,0.6,3.5,2.9,Train / Val
2018-06-14,416.458,416.458,407.482,410.873,17691467,0.0,0.0,416.0388999999997,1,409.8918000000009,0,402.2584400000002,0,422.58733999999936,1,416.12973333333287,1,30440.17,,1.2,4.6,3.3999999999999995,Train / Val
2018-06-15,414.862,415.859,407.283,408.879,23180404,0.0,0.0,416.63729999999975,1,409.8858500000009,1,402.2879000000002,0,422.2079999999994,1,416.4142066666662,1,30309.49,,0.0,4.5,4.5,Train / Val
2018-06-19,408.879,408.879,394.119,395.715,34554216,0.0,0.0,414.8222999999998,1,409.17780000000096,1,402.2889200000002,1,421.70895999999937,1,416.55121333333284,1,29468.15,,2.1,4.7,2.6,Train / Val
2018-06-20,398.906,403.493,396.313,399.105,22963740,0.0,0.0,412.8476999999998,1,408.78885000000093,1,402.1945400000002,1,421.19803999999937,1,416.6179399999996,1,29696.17,,1.2,5.1,3.8999999999999995,Train / Val
2018-06-21,403.294,403.892,395.116,395.715,20161454,0.0,0.0,410.03539999999987,1,408.28025000000093,1,401.94878000000017,1,420.5775899999993,1,416.69789333333284,1,29296.05,,0.9,5.7,4.8,Train / Val
2018-06-22,394.518,399.305,390.13,396.313,20167800,0.0,0.0,406.8640999999999,1,407.80155000000093,1,401.57168000000013,1,419.81783999999936,1,416.76723999999956,1,29338.7,,0.2,5.5,5.3,Train / Val
2018-06-25,393.92,396.712,387.338,387.737,21688209,0.0,0.0,404.2512999999999,1,407.04365000000087,1,400.9753000000001,1,419.0280499999993,1,416.79533333333285,1,28961.39,0.0,2.4,5.8,3.4,Train / Val
2018-06-26,382.95,389.332,378.961,384.944,29827048,0.0,0.0,400.96029999999996,1,406.08625000000086,1,400.4504200000002,1,418.31979999999936,1,416.7902133333329,1,28881.4,,3.1,4.9,1.8000000000000003,Train / Val
2018-06-27,384.944,386.54,376.368,376.368,28081870,0.0,0.0,396.9713,1,404.8596500000009,1,399.85752000000014,1,417.39442999999943,1,416.72526666666624,1,28356.26,,5.5,5.2,0.2999999999999998,Train / Val
2018-06-28,373.974,381.354,372.379,377.963,27513679,0.0,0.0,393.36119999999994,1,404.06180000000086,1,399.39604000000014,1,416.48102999999946,1,416.7041199999996,1,28497.32,,5.0,5.2,0.20000000000000018,Train / Val
2018-06-29,378.961,392.723,378.961,392.723,28307465,0.0,0.0,391.5462,0,403.79255000000086,1,399.3452000000002,1,415.8127499999994,1,416.7229933333329,1,28955.11,,1.1,6.4,5.300000000000001,Train / Val
2018-07-03,393.92,393.92,380.556,389.731,25640221,0.0,0.0,389.63140000000004,0,403.13435000000084,1,399.1787800000002,1,415.09663999999947,1,416.6449666666662,1,28545.57,,1.8,6.1,4.3,Train / Val
2018-07-04,388.135,389.731,380.756,381.952,15074945,0.0,0.0,388.2551,1,401.5387000000008,1,398.7413400000002,1,414.3385599999994,1,416.4049533333329,1,28241.67,,3.9,3.8,0.10000000000000009,Train / Val
2018-07-05,381.952,386.939,378.163,384.545,13984065,0.0,0.0,386.79910000000007,1,399.8234000000008,1,398.46722000000017,1,413.6820399999994,1,416.11587999999955,1,28182.09,,3.2,3.8,0.5999999999999996,Train / Val
2018-07-06,385.941,388.135,379.359,385.543,18000963,0.0,0.0,385.78190000000006,1,397.9086500000009,1,398.3364600000002,1,413.1489499999994,1,415.8546933333329,1,28315.62,,2.9,4.4,1.5000000000000004,Train / Val
2018-07-09,393.122,396.911,391.127,394.917,18373223,0.0,0.0,385.6423000000001,0,396.25320000000085,1,398.3414400000002,1,413.0180899999994,1,415.70376666666624,1,28688.5,,0.5,6.7,6.2,Train / Val
2018-07-10,394.917,396.911,385.144,385.742,26791391,0.0,0.0,385.4428000000001,0,394.8470500000009,1,398.35796000000016,1,412.7477099999994,1,415.51687999999956,1,28682.25,,0.0,5.8,5.8,Train / Val
2018-07-11,376.966,381.155,373.974,378.362,24515081,0.0,0.0,384.78460000000007,1,392.8724500000008,1,398.3184200000002,1,412.34979999999945,1,415.30998666666625,1,28311.69,,2.0,2.8,0.7999999999999998,Train / Val
2018-07-12,376.966,383.747,375.769,378.961,15496184,0.0,0.0,385.04390000000006,1,391.0076000000008,1,398.1674800000001,1,412.0852499999995,1,415.05533999999955,1,28480.83,0.296,1.8,4.3,2.5,Train / Val
2018-07-13,385.742,385.742,378.961,379.958,12236915,0.0,0.0,385.24340000000007,1,389.30230000000086,1,397.9847200000001,1,411.80877999999944,1,414.85775999999953,1,28525.44,,1.4,4.8,3.4,Train / Val
2018-07-16,382.551,385.144,379.36,380.357,11036993,0.0,0.0,384.0068000000001,1,387.77650000000085,1,397.76218000000006,1,411.4089199999995,1,414.7530599999996,1,28539.66,,0.4,4.7,4.3,Train / Val
2018-07-17,378.961,379.559,373.974,374.772,15541560,0.0,0.0,382.5109000000001,1,386.07115000000084,1,397.5951200000001,1,410.8417599999995,1,414.6973733333329,1,28181.68,-0.4939,1.9,3.1,1.2000000000000002,Train / Val
2018-07-18,379.359,381.952,374.972,376.966,13200548,0.0,0.0,382.01230000000015,1,385.1337000000009,1,397.5157200000001,1,410.16318999999953,1,414.63375999999954,1,28117.42,0.6114,1.3,6.8,5.5,Train / Val
2018-07-19,376.966,379.559,374.174,374.573,10488882,0.0,0.0,381.0151000000002,1,383.9071000000009,1,397.4442000000001,1,409.47262999999947,1,414.63645333333284,1,28010.86,,1.9,6.1,4.199999999999999,Train / Val
2018-07-20,374.772,376.567,370.584,375.57,17079527,0.0,0.0,380.01780000000014,1,382.89985000000087,1,397.18164,1,408.6706399999995,1,414.7121399999995,1,28224.48,,1.6,4.6,2.9999999999999996,Train / Val
2018-07-23,376.567,376.567,368.19,369.985,19939375,0.0,0.0,377.52460000000013,1,381.5834500000009,1,396.72778000000005,1,407.9282299999995,1,414.67097999999953,1,28256.12,,3.2,4.6,1.3999999999999995,Train / Val
2018-07-24,372.977,374.573,370.783,374.174,20856611,0.0,0.0,376.36780000000016,1,380.90530000000086,1,396.12682,1,407.15804999999943,1,414.55159999999955,1,28662.57,,2.0,4.5,2.5,Train / Val
2018-07-25,377.166,378.961,375.37,378.761,18701043,0.0,0.0,376.4077000000002,0,380.5961500000009,1,395.56585999999993,1,406.4377199999994,1,414.38717333333284,1,28920.9,,0.8,6.3,5.5,Train / Val
2018-07-26,380.756,381.753,369.387,373.775,22285509,0.0,0.0,375.88910000000016,1,380.4665000000008,1,394.84547999999995,1,405.7371899999994,1,414.2704399999995,1,28781.14,,0.2,3.6,3.4,Train / Val
2018-07-27,369.985,372.977,368.788,371.98,14462929,0.0,0.0,375.0913000000001,1,380.1673500000008,1,394.3638399999999,1,405.1560399999994,1,414.1258199999995,1,28804.28,,0.7,3.7,3.0,Train / Val
2018-07-30,368.988,369.786,360.611,366.196,25413455,0.0,0.0,373.67520000000013,1,378.8410000000008,1,393.8023599999999,1,404.3697699999995,1,413.9320266666662,1,28733.13,0.296,2.3,3.7,1.4000000000000004,Train / Val
2018-07-31,360.013,360.81,352.433,354.228,36978659,0.0,0.0,371.62080000000014,1,377.0658500000008,1,392.70695999999987,1,403.57328999999953,1,413.7128466666662,1,28583.01,0.128,5.7,4.3,1.4000000000000004,Train / Val
2018-08-01,359.813,360.212,352.034,354.029,25708741,0.0,0.0,369.32710000000014,1,375.6697000000008,1,391.59001999999987,1,402.88427999999953,1,413.4578399999996,1,28340.74,,5.8,4.3,1.5,Train / Val
2018-08-02,351.835,353.431,339.469,344.056,40777013,0.0,0.0,366.27540000000016,1,373.6452500000008,1,390.3334599999999,1,401.96019999999953,1,413.0899066666662,1,27714.56,0.296,8.9,4.2,4.7,Train / Val
2018-08-03,347.248,353.63,345.652,348.843,30270747,0.0,0.0,363.60270000000014,1,371.8102500000008,1,389.19257999999996,1,401.1277799999996,1,412.7790999999996,1,27676.32,,7.4,4.4,3.0,Train / Val
2018-08-06,356.821,356.821,349.043,352.034,21446403,0.0,0.0,361.80760000000015,1,369.6661000000007,1,388.11551999999995,1,400.2396999999996,1,412.47363999999953,1,27819.56,,6.4,5.3,1.1000000000000005,Train / Val
2018-08-07,354.029,357.42,347.646,356.023,18131302,0.0,0.0,359.9925000000002,1,368.1801500000007,1,387.17807999999997,1,399.3516999999996,1,412.1549666666662,1,28248.88,0.1779,5.2,5.5,0.2999999999999998,Train / Val
2018-08-08,365.597,365.597,359.614,363.004,25449715,0.0,0.0,358.41680000000014,0,367.4122500000007,1,386.35632,1,398.4041399999996,1,411.91335333333285,1,28359.14,0.0258,3.2,5.9,2.7,Train / Val
2018-08-09,365.996,374.373,364.002,371.581,26626507,0.0,0.0,358.19740000000013,0,367.04325000000074,0,385.7699399999999,1,397.51448999999957,1,411.68247999999954,1,28607.3,0.296,0.8,5.4,4.6000000000000005,Train / Val
2018-08-10,374.373,374.573,363.603,368.988,19525508,0.0,0.0,357.89820000000014,0,366.49475000000075,0,385.2713,1,396.59094999999957,1,411.4489133333328,1,28366.62,,-0.3,6.7,7.0,Train / Val
2018-08-13,362.007,363.603,359.215,360.013,16951441,0.0,0.0,357.2799000000001,0,365.47755000000075,1,384.50939999999997,1,395.5278999999996,1,411.07723333333286,1,27936.57,0.0,2.2,5.5,3.3,Train / Val
2018-08-14,354.029,357.021,340.865,347.646,40167471,0.0,0.0,356.62170000000015,1,364.1212500000007,1,383.40441999999996,1,394.37501999999955,1,410.59391333333286,1,27752.93,0.7845,5.8,3.3,2.5,Train / Val
2018-08-15,342.062,343.059,334.084,335.081,37288416,0.0,0.0,354.72690000000017,1,362.0270000000007,1,381.82873999999987,1,393.13031999999953,1,409.9631399999995,1,27323.59,0.0,9.8,3.9,5.9,Train / Val
2018-08-16,319.125,331.69,318.127,324.909,69246930,0.0,0.0,352.8122000000002,1,359.5438000000007,1,379.9498999999999,1,391.7361399999996,1,409.25526666666616,1,27100.06,,13.2,4.8,8.399999999999999,Train / Val
2018-08-17,334.084,337.873,332.688,336.078,42698939,0.0,0.0,351.5357000000002,1,357.5692000000007,1,378.19469999999995,1,390.4934499999996,1,408.5860266666662,1,27213.41,,9.4,3.4,6.0,Train / Val
2018-08-20,342.261,351.436,341.463,349.84,34973182,0.0,0.0,351.3163000000002,1,356.56195000000076,1,376.6309799999999,1,389.6192499999995,1,407.9740399999995,1,27598.02,0.0,5.1,4.4,0.6999999999999993,Train / Val
2018-08-21,354.029,354.029,344.655,349.641,22787446,0.0,0.0,350.6781000000002,1,355.33530000000076,1,375.3464999999999,1,388.93611999999956,1,407.38327999999956,1,27752.79,,5.2,4.8,0.40000000000000036,Train / Val
2018-08-22,353.032,359.614,348.444,358.417,28940119,0.0,0.0,350.2194000000002,0,354.31810000000075,0,374.1577599999999,1,388.27506999999963,1,406.9239999999996,1,27927.58,0.0,2.6,5.8,3.1999999999999997,Train / Val
2018-08-23,362.007,362.207,353.032,358.018,20061919,0.0,0.0,348.86310000000014,0,353.53025000000076,0,372.99295999999987,1,387.55429999999956,1,406.3771466666662,1,27790.46,,2.7,6.8,4.1,Train / Val
2018-08-24,352.034,357.021,351.636,353.032,17545124,0.0,0.0,347.2675000000002,0,352.5828500000008,0,371.77231999999987,1,386.9826999999995,1,405.85675999999955,1,27671.87,,4.2,5.8,1.5999999999999996,Train / Val
2018-08-27,358.417,360.013,355.226,360.013,13959775,0.0,0.0,347.2675000000002,0,352.27370000000076,0,370.75511999999986,1,386.5067799999995,1,405.3099333333329,1,28271.27,,2.2,5.1,2.8999999999999995,Train / Val
2018-08-28,364.002,367.791,360.411,364.401,20573345,0.0,0.0,348.94300000000015,0,352.78235000000075,0,369.8655599999999,1,386.07672999999943,1,404.76051999999953,1,28351.62,,0.2,4.8,4.6,Train / Val
2018-08-29,364.002,364.999,356.821,359.813,15732722,0.0,0.0,351.4162000000002,0,353.07155000000074,0,369.1475199999999,1,385.7182199999995,1,404.1884799999996,1,28416.44,-0.4019,0.5,2.8,2.3,Train / Val
2018-08-30,360.212,361.608,354.428,356.422,12131375,0.0,0.0,354.56750000000017,0,353.6898500000008,0,368.2938599999998,1,385.24419999999947,1,403.56331333333287,1,28164.05,-0.1531,-3.9,2.8,6.699999999999999,Train / Val
2018-08-31,338.671,342.66,337.075,339.07,51544845,0.0,0.0,354.86670000000015,1,353.20120000000077,1,367.1609599999998,1,384.5548699999995,1,402.7720466666662,1,27888.55,,0.3,4.1,3.8,Train / Val
2018-09-03,332.488,334.283,327.701,331.89,27672896,0.0,0.0,353.07170000000013,1,352.1940000000008,1,365.87249999999983,1,383.7220899999995,1,401.8360599999995,1,27712.54,,2.5,4.6,2.0999999999999996,Train / Val
2018-09-04,328.3,340.067,328.1,337.674,18025607,0.0,0.0,351.8750000000001,1,351.27655000000084,1,364.87123999999983,1,382.92326999999955,1,400.97577999999953,1,27973.34,-0.3612,-1.2,3.8,5.0,Train / Val
2018-09-05,331.291,332.488,322.316,323.912,31479425,0.0,0.0,348.42450000000014,1,349.3219500000008,1,363.6505999999998,1,382.05050999999946,1,400.0967333333328,1,27243.85,0.296,3.0,4.6,1.5999999999999996,Train / Val
2018-09-06,315.136,321.917,311.147,313.74,44287451,0.0,0.0,343.99670000000015,1,346.4299000000008,1,362.39803999999987,1,381.12777999999946,1,399.0622999999995,1,26974.82,,6.3,4.9,1.3999999999999995,Train / Val
2018-09-07,312.343,318.726,308.753,315.933,39938047,0.0,0.0,340.28680000000014,1,343.7771500000008,1,361.1574399999999,1,380.2767399999995,1,398.0398333333328,1,26973.47,-0.4939,5.6,4.8,0.7999999999999998,Train / Val
2018-09-10,317.928,321.119,310.947,312.742,24847539,0.0,0.0,335.55970000000013,1,341.4136000000008,1,359.5578199999998,1,379.4515099999995,1,397.0611066666661,1,26613.42,0.6249,6.6,5.1,1.5,Train / Val
2018-09-11,312.742,313.141,306.36,307.158,29972185,0.0,0.0,329.83540000000016,1,339.38920000000087,1,357.90635999999984,1,378.54256999999944,1,396.0332133333328,1,26422.55,,8.6,4.5,4.1,Train / Val
2018-09-12,311.147,311.545,304.365,307.556,23489734,0.0,0.0,324.60970000000015,1,338.01295000000084,1,356.4184399999998,1,377.5798899999994,1,395.0318533333328,1,26345.04,,8.4,5.4,3.0,Train / Val
2018-09-13,313.939,322.914,313.141,322.914,30836213,0.0,0.0,321.25890000000015,0,337.9132000000008,1,355.18581999999986,1,376.82651999999945,1,394.18329999999946,1,27014.49,,3.3,5.5,2.2,Train / Val
2018-09-14,329.097,330.892,327.103,329.097,26428478,0.0,0.0,320.26160000000016,0,337.5641500000008,1,354.05689999999987,1,376.19667999999945,1,393.4515999999995,1,27286.41,,1.3,5.3,4.0,Train / Val
2018-09-17,324.111,325.108,317.729,318.327,18863537,0.0,0.0,318.9053000000001,1,335.9885000000008,1,352.5250999999999,1,375.4332699999995,1,392.85375999999945,1,26932.85,0.0,4.8,3.4,1.4,Train / Val
2018-09-18,314.138,322.515,310.149,317.13,24482875,0.0,0.0,316.85090000000014,0,334.3629500000008,1,351.1528599999999,1,374.7554099999995,1,392.21609333333276,1,27084.66,-0.7096,5.2,4.5,0.7000000000000002,Train / Val
2018-09-19,319.125,325.906,318.327,320.72,20774346,0.0,0.0,316.5317000000001,0,332.47810000000084,1,350.00001999999995,1,374.1592199999995,1,391.56653999999946,1,27407.37,0.0,4.0,4.3,0.2999999999999998,Train / Val
2018-09-20,328.1,328.1,320.321,323.313,19471441,0.0,0.0,317.48900000000015,0,330.74285000000083,1,348.8870599999999,1,373.5272699999995,1,391.01918666666614,1,27477.67,,3.1,4.1,0.9999999999999996,Train / Val
2018-09-21,326.704,333.485,325.108,333.485,30123052,0.0,0.0,319.24420000000015,0,329.76550000000077,0,347.95759999999996,1,372.9711599999995,1,390.52505333333283,1,27953.58,,-0.4,4.9,5.300000000000001,Train / Val
2018-09-24,331.291,331.491,325.108,326.903,18537726,0.0,0.0,320.6603000000001,0,328.1100000000008,1,346.8885199999999,1,372.3253499999995,1,389.90211999999946,1,27499.39,,1.6,4.7,3.1,Train / Val
2018-09-26,330.494,331.69,327.103,329.097,23118115,0.0,0.0,322.8542000000001,0,326.3448000000008,0,345.9750199999999,1,371.78506999999956,1,389.2195133333328,1,27816.87,,1.0,4.9,3.9000000000000004,Train / Val
2018-09-27,332.289,332.289,320.92,324.51,19972795,0.0,0.0,324.54960000000005,1,324.5796500000008,1,344.9258999999999,1,371.2208099999996,1,388.4174266666662,1,27715.67,0.3818,0.7,4.7,4.0,Train / Val
2018-09-28,326.704,326.704,320.321,322.316,16420799,0.0,0.0,324.4898,1,322.8743500000008,1,343.88075999999984,1,370.66247999999956,1,387.60867333333283,1,27788.52,,0.6,4.2,3.6,Train / Val
2018-10-02,324.111,324.111,314.138,316.133,21722687,0.0,0.0,323.1934,1,321.72750000000076,1,342.6920199999999,1,369.9368299999996,1,386.6777666666662,1,27126.38,,0.8,5.0,4.2,Train / Val
2018-10-03,312.144,318.726,312.144,315.136,13143988,0.0,0.0,322.87430000000006,1,320.8898000000008,1,341.59503999999987,1,369.1614099999996,1,385.81716666666614,1,27091.26,-0.1027,-0.2,4.1,4.3,Train / Val
2018-10-04,314.537,314.537,306.16,307.556,22449211,0.0,0.0,321.91690000000006,1,319.3839000000008,1,340.2626799999999,1,368.19474999999954,1,384.8595933333328,1,26623.87,0.0,-0.2,4.7,4.9,Train / Val
2018-10-05,304.166,306.958,301.573,304.166,21377602,0.0,0.0,320.26150000000007,1,318.3966000000008,1,338.77077999999995,1,367.16831999999954,1,383.88207333333276,1,26572.57,,0.6,5.0,4.4,Train / Val
2018-10-08,304.964,305.961,298.182,298.182,22217251,0.0,0.0,317.74840000000006,1,317.6187000000008,1,337.25891999999993,1,366.0521999999995,1,382.9110999999994,1,26202.57,,1.6,5.3,3.6999999999999997,Train / Val
2018-10-09,299.179,300.576,292.996,292.996,26099026,0.0,0.0,313.69950000000006,1,316.47185000000076,1,335.67923999999994,1,365.0215399999995,1,381.99710666666607,1,26172.91,,3.4,5.3,1.9,Train / Val
2018-10-10,293.196,295.988,284.819,285.617,33300721,0.0,0.0,309.57090000000005,1,315.11560000000077,1,334.0676599999999,1,363.9350099999995,1,380.93573333333273,1,26193.07,,6.1,5.2,0.8999999999999995,Train / Val
2018-10-11,273.251,273.849,264.275,266.27,67626040,0.0,0.0,303.2882000000001,1,313.0712000000007,1,332.3084999999999,1,362.5077299999995,1,379.8183599999994,1,25266.37,0.6486,13.8,5.6,8.200000000000001,Train / Val
2018-10-12,276.242,288.808,272.253,287.611,54416265,0.0,0.0,299.5983,1,312.07395000000076,1,330.98013999999995,1,361.2850799999995,1,378.91623333333274,1,25801.49,,5.3,4.0,1.2999999999999998,Train / Val
2018-10-15,290.802,290.802,277.24,282.026,27588752,0.0,0.0,295.5693,1,310.02955000000077,1,329.73954,1,360.0364999999995,1,377.8866466666661,1,25445.06,-0.2732,7.4,5.4,2.0,Train / Val
2018-10-16,282.425,283.024,272.453,280.63,25111529,0.0,0.0,292.01900000000006,1,307.60620000000074,1,328.37528,1,358.78392999999943,1,376.8769466666661,1,25462.26,,8.0,5.1,2.9000000000000004,Train / Val
2018-10-18,285.218,285.218,272.652,280.231,21982489,0.0,0.0,288.5285,1,305.7014000000007,1,326.93922,1,357.52736999999945,1,375.80620666666607,1,25454.55,-0.1027,8.1,4.5,3.5999999999999996,Train / Val
2018-10-19,274.447,285.417,272.652,281.229,25231456,0.0,0.0,285.8958,1,303.90635000000077,1,325.44334,1,356.31070999999946,1,374.7155799999994,1,25561.4,,7.7,5.0,2.7,Train / Val
2018-10-22,281.229,292.996,279.832,290.404,28245575,0.0,0.0,284.51959999999997,0,302.39055000000076,1,323.99134,1,355.1738299999995,1,373.59987333333277,1,26153.15,,4.3,6.2,1.9000000000000004,Train / Val
2018-10-23,292.199,292.199,276.242,277.04,30960896,0.0,0.0,282.4054,1,300.07690000000076,1,322.10052,1,353.9352299999995,1,372.3764999999994,1,25346.55,,9.4,4.1,5.300000000000001,Train / Val
2018-10-24,281.827,284.021,271.256,275.046,26379754,0.0,0.0,280.61039999999997,1,297.1549500000008,1,320.22168,1,352.74648999999954,1,371.1345266666661,1,25249.78,-0.3182,10.2,2.8,7.3999999999999995,Train / Val
2018-10-25,266.07,269.261,264.275,268.264,31111906,0.0,0.0,278.8751,1,294.22300000000075,1,318.38669999999996,1,351.44804999999957,1,369.81416666666615,1,24994.46,,12.9,4.6,8.3,Train / Val
2018-10-26,268.264,269.062,258.69,259.289,26383457,0.0,0.0,278.177,1,290.7326000000008,1,316.61956,1,350.01198999999957,1,368.4565333333328,1,24717.63,,16.8,4.1,12.700000000000001,Train / Val
2018-10-29,263.876,263.876,254.302,259.289,24019681,0.0,0.0,275.3448,1,287.4715500000008,1,315.10372,1,348.46622999999954,1,367.12145333333274,1,24812.04,0.4588,16.8,6.3,10.5,Train / Val
2018-10-30,255.3,257.294,250.712,251.51,29484819,0.0,0.0,272.29320000000007,1,283.9312500000008,1,313.63574,1,346.79281999999955,1,365.70267333333277,1,24585.53,,20.5,5.7,14.8,Train / Val
2018-10-31,256.497,266.27,255.898,266.27,34358127,0.0,0.0,270.85720000000003,1,281.43810000000076,1,312.23958000000005,1,345.2171399999995,1,364.4088266666661,1,24979.69,-0.6597,18.0,4.2,13.8,Train / Val
2018-11-01,274.248,282.425,270.658,277.04,41075613,0.0,0.0,270.53810000000004,0,279.53330000000074,1,310.78358000000003,1,343.7072799999995,1,363.34069333333275,1,25416.0,,15.5,5.6,9.9,Train / Val
2018-11-02,294.193,302.969,288.608,302.77,66912440,0.0,0.0,272.69220000000007,0,279.2940000000007,0,309.84616000000005,1,342.5963299999995,1,362.5727999999994,1,26486.35,,5.7,5.1,0.6000000000000005,Train / Val
2018-11-05,293.794,295.589,286.016,291.6,27220707,0.0,0.0,272.81180000000006,0,278.66570000000075,0,308.50982000000005,1,341.3337899999995,1,361.68665333333274,1,25934.39,0.5106,12.2,6.6,5.6,Train / Val
2018-11-06,293.994,293.994,285.218,291.201,23335427,0.0,0.0,274.22790000000003,0,278.3166500000008,0,307.17348000000004,1,340.08321999999947,1,360.76069333333277,1,26120.96,0.128,12.5,6.8,5.7,Train / Val
2018-11-07,292.597,300.974,285.218,292.597,25726022,0.0,0.0,275.98300000000006,0,278.2967000000007,0,305.9647800000001,1,338.8685499999995,1,359.9767266666661,1,26147.69,,11.9,5.8,6.1000000000000005,Train / Val
2018-11-08,300.177,300.775,291.201,292.797,30646347,0.0,0.0,278.4363,0,278.6557000000007,0,304.62046000000004,1,337.6877899999995,1,359.2113399999994,1,26227.72,-0.2263,11.9,4.3,7.6000000000000005,Train / Val
2018-11-09,286.813,286.813,277.439,278.436,28764444,0.0,0.0,280.351,1,279.2640000000007,1,302.90116000000006,1,336.3833599999995,1,358.3515399999994,1,25601.92,,17.6,2.4,15.200000000000001,Train / Val
2018-11-12,274.647,276.043,269.261,269.86,27299303,0.0,0.0,281.4081,1,278.37645000000066,1,301.10210000000006,1,335.12480999999957,1,357.51284666666606,1,25633.18,-0.2023,21.4,1.6,19.799999999999997,Train / Val
2018-11-13,261.283,274.647,259.289,273.649,33466976,0.0,0.0,283.622,1,277.9576000000007,1,299.44664000000006,1,333.8702499999995,1,356.6450133333327,1,25792.87,0.296,19.7,4.0,15.7,Train / Val
2018-11-14,275.245,275.843,269.461,271.455,21334990,0.0,0.0,284.14050000000003,1,277.4988500000007,1,298.09434000000005,1,332.62764999999956,1,355.73469333333276,1,25654.43,-0.6124,20.6,2.6,18.0,Train / Val
2018-11-15,283.223,288.01,276.841,287.212,46024464,0.0,0.0,285.15770000000003,0,277.84790000000066,0,297.20078000000007,1,331.5366399999995,1,354.88165333333274,1,26103.34,,14.0,6.3,7.7,Train / Val
2018-11-16,289.207,290.603,285.018,289.606,25920320,0.0,0.0,283.8413,0,278.2667500000006,0,296.23942000000005,1,330.5553299999995,1,354.0286533333328,1,26183.53,,13.1,5.4,7.699999999999999,Train / Val
2018-11-19,292.199,293.994,288.608,290.404,18040808,0.0,0.0,283.7217,0,278.26675000000057,0,295.56926000000004,1,329.6099299999995,1,353.2234266666661,1,26372.0,,12.8,5.9,6.9,Train / Val
2018-11-20,283.423,284.22,280.032,280.83,17061588,0.0,0.0,282.6846,1,278.4562500000006,0,294.91106,1,328.6545499999995,1,352.3888733333328,1,25840.34,,16.6,3.8,12.8,Train / Val
2018-11-21,276.641,290.603,276.242,288.808,22357879,0.0,0.0,282.3057,0,279.1443500000006,0,294.36856,1,327.76299999999947,1,351.64067999999946,1,25971.47,,13.4,5.9,7.5,Train / Val
2018-11-22,294.393,296.786,289.805,294.193,19959478,0.0,0.0,282.4453,0,280.4408000000006,0,293.99757999999997,0,326.7776999999994,1,350.96686666666614,1,26019.41,-0.1779,11.3,5.2,6.1000000000000005,Train / Val
2018-11-23,292.199,293.794,286.614,290.404,12015790,0.0,0.0,283.64209999999997,0,281.99655000000064,0,293.6625,1,325.7844299999994,1,350.24921333333276,1,25927.68,,12.8,5.4,7.4,Train / Val
2018-11-26,292.199,297.783,291.002,297.185,15160911,0.0,0.0,286.3746,0,283.89135000000067,0,293.45507999999995,0,324.93675999999937,1,349.5382866666661,1,26376.18,,10.2,4.9,5.299999999999999,Train / Val
2018-11-27,298.581,302.969,295.589,302.969,27363126,0.0,0.0,289.3066,0,286.46430000000066,0,293.0561799999999,0,324.1209999999994,1,348.90307333333277,1,26331.96,0.4019,8.1,4.5,3.5999999999999996,Train / Val
2018-11-28,306.16,314.138,303.966,313.939,34384748,0.0,0.0,293.55499999999995,0,288.84775000000064,0,292.75301999999994,0,323.4049599999994,1,348.3821266666661,1,26682.56,0.0,4.3,4.2,0.09999999999999964,Train / Val
2018-11-29,319.125,319.923,308.354,311.147,38087387,0.0,0.0,295.94849999999997,0,290.55310000000065,0,292.60942,0,322.56725999999935,1,347.8253199999994,1,26451.03,,5.3,4.1,1.2000000000000002,Train / Val
2018-11-30,311.944,314.138,307.556,311.147,23164493,0.0,0.0,298.1026,0,290.9719500000007,0,292.48976000000005,0,321.8213099999994,1,347.3335266666661,1,26506.75,0.4019,5.3,5.8,0.5,Train / Val
2018-12-03,327.103,327.302,319.125,323.912,35143989,0.0,0.0,301.4534,0,292.58755000000065,0,292.5536,0,321.2768099999994,0,346.95734666666607,1,27182.04,,1.1,3.2,2.1,Train / Val
2018-12-04,325.308,327.502,319.324,327.502,25224551,0.0,0.0,306.12059999999997,0,294.4026000000007,0,292.63738000000006,0,320.7622199999994,0,346.56397333333274,1,27260.44,,-1.4,5.0,6.4,Train / Val
2018-12-05,317.13,322.914,315.136,320.122,26006699,0.0,0.0,309.25199999999995,0,295.7788500000007,0,292.37012000000004,0,320.16385999999943,1,346.1041466666661,1,26819.68,,-0.1,5.0,5.1,Train / Val
2018-12-06,311.346,315.933,302.969,303.368,31464150,0.0,0.0,310.16949999999997,1,296.3074000000007,0,291.89942,0,319.3939699999994,1,345.51670666666615,1,26156.38,0.0,5.5,3.2,2.3,Train / Val
2018-12-07,303.966,312.942,303.966,309.75,30969630,0.0,0.0,312.10409999999996,1,297.8731000000007,0,291.51248000000004,0,318.7437499999994,1,345.0275399999995,1,26063.76,,5.5,3.4,2.1,Train / Val
2018-12-10,303.368,308.155,302.77,307.158,17471804,0.0,0.0,313.10139999999996,1,299.73800000000074,0,291.16544,0,318.04566999999935,1,344.53568666666615,1,25752.38,,7.1,3.7,3.3999999999999995,Train / Val
2018-12-11,308.953,312.742,307.357,310.349,17052744,0.0,0.0,313.83939999999996,1,301.5730000000007,0,290.9261,0,317.40342999999933,1,344.08368666666615,1,25771.67,,7.5,4.4,3.0999999999999996,Train / Val
2018-12-12,315.136,317.928,313.74,315.933,16057644,0.0,0.0,314.0388,0,303.79690000000073,0,290.9221,0,316.80705999999935,1,343.59858666666617,1,26186.71,0.8225,5.6,9.0,3.4000000000000004,Train / Val
2018-12-13,317.13,319.923,315.933,317.729,14133698,0.0,0.0,314.697,0,305.3227500000007,0,290.97396000000003,0,316.28449999999935,0,343.09892666666616,1,26524.35,,5.0,8.7,3.6999999999999993,Train / Val
2018-12-14,310.349,311.546,306.958,307.955,17041560,0.0,0.0,314.3778,1,306.24020000000075,0,290.98194,0,315.6223099999994,1,342.4571466666662,1,26094.79,,8.4,4.8,3.6000000000000005,Train / Val
2018-12-17,309.95,309.95,304.565,307.955,13791123,0.0,0.0,312.7821,1,307.1177500000007,0,291.05772,0,314.9142499999994,1,341.7981199999995,1,26087.98,,9.5,4.1,5.4,Train / Val
2018-12-18,301.573,304.764,299.379,301.972,18770121,0.0,0.0,310.22909999999996,1,308.1748500000007,1,291.13352,0,314.1962199999994,1,341.0793066666662,1,25814.25,0.0,11.6,4.6,7.0,Train / Val
2018-12-19,300.177,303.966,299.977,302.171,14666479,0.0,0.0,308.43399999999997,1,308.8430000000007,1,291.31702,0,313.4981299999994,1,340.4533666666662,1,25865.39,-0.1531,13.7,4.0,9.7,Train / Val
2018-12-20,299.379,304.166,298.781,300.775,16290305,0.0,0.0,308.1747,1,309.1721000000007,1,291.62018,0,312.8439199999994,1,339.83006666666626,1,25623.53,,14.2,4.6,9.6,Train / Val
2018-12-21,297.384,317.729,296.188,314.338,41628409,0.0,0.0,308.6335,0,310.36880000000065,0,292.58153999999996,0,312.44501999999943,0,339.1989999999996,1,25753.42,,9.3,7.0,2.3000000000000007,Train / Val
2018-12-24,314.338,314.338,307.756,309.75,14579845,0.0,0.0,308.8927,0,310.9970500000006,1,293.02432,0,312.00222999999943,1,338.53149333333295,1,25651.38,,10.9,5.7,5.2,Train / Val
2018-12-27,311.147,315.933,306.16,308.753,17646140,0.0,0.0,308.73310000000004,0,311.2862500000006,1,293.55886,0,311.64919999999944,1,337.8772866666663,1,25478.88,0.0,11.2,5.4,5.799999999999999,Train / Val
2018-12-28,310.149,311.944,307.556,309.152,11541991,0.0,0.0,308.055,0,311.0469000000006,1,294.1293,0,311.2522899999994,1,337.2323866666663,1,25504.2,,12.6,5.6,7.0,Train / Val
2018-12-31,309.152,316.332,309.152,313.141,9891851,0.0,0.0,307.59620000000007,0,311.1466000000006,0,294.7875,0,310.86335999999943,0,336.6140799999996,1,25845.7,,11.1,5.2,5.8999999999999995,Train / Val
2019-01-02,314.138,314.138,305.362,305.761,15721297,0.0,0.0,307.37680000000006,1,310.8773000000006,1,295.27814,0,310.3607399999994,1,335.9665199999996,1,25130.35,,13.8,3.3,10.5,Train / Val
2019-01-03,303.168,308.554,301.972,304.166,16420034,0.0,0.0,306.9979000000001,1,309.8900000000006,1,295.55338,0,309.77235999999937,1,335.3003466666663,1,25064.36,,15.1,3.6,11.5,Train / Val
2019-01-04,299.578,310.149,299.578,309.75,19329055,0.0,0.0,307.77570000000003,0,309.0024000000006,0,296.20758,0,309.1540499999994,0,334.6926799999996,1,25626.03,0.7959,13.3,5.5,7.800000000000001,Train / Val
2019-01-07,317.13,317.928,312.742,316.731,24890962,0.0,0.0,309.23170000000005,0,308.8328500000006,0,297.04128,0,308.6314799999994,0,334.1780866666663,1,25835.7,,10.8,3.9,6.9,Train / Val
2019-01-08,317.13,317.729,311.147,314.737,16264928,0.0,0.0,310.62790000000007,0,309.40130000000056,0,297.97074,0,308.17871999999943,0,333.62227999999965,1,25875.45,0.4767,11.5,5.8,5.7,Train / Val
2019-01-09,318.925,326.704,318.526,326.704,31878589,0.0,0.0,311.8645,0,310.24900000000054,0,299.31904,0,307.9692999999994,0,333.11433999999963,1,26462.32,,7.7,3.3,4.4,Train / Val
2019-01-10,328.1,328.898,322.316,328.1,24908010,0.0,0.0,313.69950000000006,0,311.29610000000054,0,300.69525999999996,0,307.89948999999945,0,332.542573333333,1,26521.43,,7.3,3.5,3.8,Train / Val
2019-01-11,329.895,333.685,328.3,330.294,20145214,0.0,0.0,315.85360000000003,0,312.2933500000005,0,302.27093999999994,0,307.95333999999946,0,331.95219333333296,1,26667.27,,6.6,4.6,2.0,Train / Val
2019-01-14,328.698,328.698,319.324,320.92,18977242,0.0,0.0,317.0304,0,312.54270000000054,0,303.36393999999996,0,307.80175999999943,0,331.26607333333294,1,26298.33,,9.7,4.5,5.199999999999999,Train / Val
2019-01-15,324.111,329.895,322.316,329.097,16953757,0.0,0.0,318.626,0,313.1111000000005,0,304.4050799999999,0,307.59432999999945,0,330.6065466666663,1,26830.29,,7.0,3.9,3.1,Train / Val
2019-01-16,329.097,330.095,324.311,330.095,16392202,0.0,0.0,321.0594,0,314.2181000000005,0,304.95157999999986,0,307.3988699999994,0,330.04807999999963,0,26902.1,,6.6,3.6,2.9999999999999996,Train / Val
2019-01-17,334.084,337.075,329.696,330.294,23148086,0.0,0.0,323.6721999999999,0,315.3350500000005,0,305.7254599999999,0,307.1176399999994,0,329.46434666666636,0,26755.63,0.0,6.6,4.2,2.3999999999999995,Train / Val
2019-01-18,334.084,336.876,332.887,336.078,15656802,0.0,0.0,326.30499999999995,0,317.0403500000005,0,306.6229999999999,0,306.8982399999995,0,328.929813333333,0,27090.81,-0.1027,4.7,3.1,1.6,Train / Val
2019-01-21,337.075,343.458,335.28,339.07,19062984,0.0,0.0,328.5388999999999,0,318.8853000000005,0,307.5524599999999,0,306.75861999999944,0,328.429853333333,0,27196.54,,3.8,3.5,0.2999999999999998,Train / Val
2019-01-22,341.065,341.065,329.895,334.882,21039177,0.0,0.0,330.5533999999999,0,320.59065000000044,0,308.3941599999999,0,306.5073099999995,0,327.92324666666633,0,27005.45,0.0,5.1,3.8,1.2999999999999998,Train / Val
2019-01-23,329.696,334.682,329.696,332.289,16410980,0.0,0.0,331.11189999999993,0,321.48820000000046,0,309.4712199999999,0,306.1861899999995,0,327.4126466666663,0,27008.2,,5.9,3.1,2.8000000000000003,Train / Val
2019-01-24,331.291,332.089,325.906,329.297,17113453,0.0,0.0,331.23159999999996,1,322.46555000000046,0,310.6599599999999,0,305.8810299999995,0,326.96985999999964,0,27120.98,0.0,6.9,2.6,4.300000000000001,Train / Val
2019-01-25,334.084,342.86,332.488,342.86,31534946,0.0,0.0,332.48819999999995,0,324.1709000000004,0,312.0441799999999,0,305.7454099999995,0,326.59489333333295,0,27569.19,,2.7,6.1,3.3999999999999995,Train / Val
2019-01-28,343.458,348.045,339.469,340.666,22241461,0.0,0.0,334.46279999999996,0,325.74660000000046,0,313.4283999999999,0,305.7613699999995,0,326.22789999999964,0,27576.96,,3.3,5.5,2.2,Train / Val
2019-01-29,338.272,341.862,335.879,341.463,15798763,0.0,0.0,335.69939999999997,0,327.1627000000004,0,314.5134199999999,0,305.8570999999995,0,325.862233333333,0,27531.68,,3.1,5.0,1.9,Train / Val
2019-01-30,341.065,343.259,338.073,343.259,13088458,0.0,0.0,337.01579999999996,0,329.03760000000045,0,315.5864799999999,0,305.91294999999957,0,325.56571333333295,0,27642.85,0.2023,2.6,6.0,3.4,Train / Val
2019-01-31,348.843,350.04,344.256,345.054,24188407,0.0,0.0,338.49179999999996,0,331.08200000000045,0,316.6794799999999,0,306.12436999999954,0,325.2997799999996,0,27942.47,,4.6,4.6,0.0,Train / Val
2019-02-01,351.037,351.037,344.455,347.048,13972725,0.0,0.0,339.58879999999994,0,332.9469000000004,0,318.0038399999999,0,306.45744999999954,0,325.1043133333329,0,27930.74,,6.3,6.0,0.2999999999999998,Train / Val
2019-02-04,348.045,348.045,343.857,346.649,5855460,0.0,0.0,340.34669999999994,0,334.44280000000043,0,319.1606599999999,0,306.7646099999995,0,324.8955533333329,0,27990.21,,6.4,5.1,1.3000000000000007,Train / Val
2019-02-08,342.261,346.45,337.075,344.655,14903478,0.0,0.0,341.32399999999996,0,335.93870000000044,0,320.1698999999999,0,307.0837399999995,0,324.57509999999957,0,27946.32,,7.1,5.3,1.7999999999999998,Train / Val
2019-02-11,345.054,351.835,342.86,351.037,17350791,0.0,0.0,343.19879999999995,0,337.15535000000045,0,321.38255999999996,0,307.5225299999995,0,324.31713999999954,0,28143.84,-0.3182,5.1,5.3,0.20000000000000018,Train / Val
2019-02-12,349.84,352.034,347.248,350.439,15005092,0.0,0.0,345.31299999999993,0,338.2723000000004,0,322.4476399999999,0,307.9513599999995,0,324.1070533333329,0,28171.33,,5.3,4.6,0.7000000000000002,Train / Val
2019-02-13,348.245,349.442,344.455,346.849,22880021,0.0,0.0,345.7118999999999,0,339.10005000000046,0,323.32523999999995,0,308.1907099999995,0,323.8557466666662,0,28497.59,,6.4,4.7,1.7000000000000002,Train / Val
2019-02-14,344.655,344.854,339.668,340.865,19274742,0.0,0.0,345.7317999999999,1,340.0973000000005,0,323.86375999999996,0,308.30838999999946,0,323.5578933333329,0,28432.05,,8.3,3.0,5.300000000000001,Train / Val
2019-02-15,337.075,339.07,330.294,332.887,18555426,0.0,0.0,344.8741999999999,1,340.2868000000004,1,324.29855999999995,0,308.45398999999946,0,323.14435999999955,0,27900.84,-0.4215,10.8,1.9,8.9,Train / Val
2019-02-18,334.084,340.466,334.084,338.871,12040177,0.0,0.0,344.43539999999996,1,340.72560000000044,1,324.8530399999999,0,308.67139999999944,0,322.83188666666626,0,28347.01,0.3818,8.9,4.5,4.4,Train / Val
2019-02-19,340.865,342.86,335.879,335.879,9309584,0.0,0.0,343.51789999999994,1,341.00485000000043,1,325.0923799999999,0,308.82298999999944,0,322.54866666666624,0,28228.13,0.7345,9.9,7.4,2.5,Train / Val
2019-02-20,339.07,343.259,333.884,340.067,17102440,0.0,0.0,342.81979999999993,1,341.20430000000044,1,325.3436799999999,0,308.99052999999947,0,322.2893733333329,0,28514.05,,8.9,5.2,3.7,Train / Val
2019-02-21,338.073,342.86,337.873,342.261,11802629,0.0,0.0,342.381,1,341.36385000000047,0,325.78645999999986,0,309.0782899999994,0,322.0380599999996,0,28629.92,0.2023,8.2,6.9,1.299999999999999,Train / Val
2019-02-22,337.474,343.059,337.275,343.059,13745950,0.0,0.0,342.2214,0,341.7727000000005,0,326.5802799999999,0,309.2398499999995,0,321.78940666666625,0,28816.3,,7.9,6.1,1.8000000000000007,Train / Val
2019-02-25,347.048,347.846,340.666,342.86,17178146,0.0,0.0,341.4037,0,342.3012500000005,0,327.24247999999983,0,309.3774799999994,0,321.5766599999996,0,28959.3,0.4215,8.0,5.6,2.4000000000000004,Train / Val
2019-02-26,344.056,344.256,338.871,342.062,13827959,0.0,0.0,340.56600000000003,0,342.9395000000005,1,327.9405599999999,0,309.5529999999995,0,321.34396666666623,0,28772.06,,8.2,6.2,1.9999999999999991,Train / Val
2019-02-27,342.062,343.857,338.073,339.269,15784631,0.0,0.0,339.808,1,342.7599500000005,1,328.51895999999994,0,309.7225299999995,0,321.1086066666663,0,28757.44,,9.1,4.3,4.8,Train / Val
2019-02-28,341.065,341.663,333.685,334.882,18723997,0.0,0.0,339.2097,1,342.4707500000005,1,328.89793999999995,0,309.9100199999995,0,320.83735333333294,0,28633.18,,10.5,4.2,6.3,Train / Val
2019-03-01,336.477,340.067,332.488,335.28,17006913,0.0,0.0,339.44899999999996,1,342.1616000000005,1,329.24895999999995,0,310.1114599999995,0,320.60598666666624,0,28812.17,,10.4,4.0,6.4,Train / Val
2019-03-04,336.078,347.647,334.084,345.851,28589024,0.0,0.0,340.14699999999993,0,342.29120000000046,0,330.00687999999985,0,310.4944099999995,0,320.4171666666663,0,28959.59,0.0,7.0,6.4,0.5999999999999996,Train / Val
2019-03-05,344.854,361.01,342.86,360.411,36623409,0.0,0.0,342.6002,0,343.05905000000047,0,331.0559999999998,0,311.05685999999946,0,320.2948333333329,0,28961.6,,2.7,5.4,2.7,Train / Val
2019-03-06,364.201,368.988,358.217,361.01,29873868,0.0,0.0,344.69449999999995,0,343.7571500000005,0,332.2367599999998,0,311.6851399999994,0,320.20973333333296,0,29037.6,,4.8,4.6,0.20000000000000018,Train / Val
2019-03-07,360.81,360.81,352.234,354.228,17270705,0.0,0.0,345.89119999999997,0,344.1361000000005,0,333.2778999999998,0,312.29745999999943,0,320.09138666666627,0,28779.45,,6.9,5.5,1.4000000000000004,Train / Val
2019-03-08,347.048,350.638,342.261,346.051,25866691,0.0,0.0,346.19039999999995,1,344.2059000000005,0,334.1834199999997,0,312.90179999999947,0,319.95708666666627,0,28228.42,,10.0,2.9,7.1,Train / Val
2019-03-11,349.043,355.625,346.45,353.83,18392591,0.0,0.0,347.28739999999993,0,344.3455500000005,0,334.9732599999998,0,313.7773999999995,0,319.95443333333293,0,28503.3,,8.2,6.1,2.0999999999999996,Train / Val
2019-03-12,362.007,362.007,357.42,360.013,16382668,0.0,0.0,349.0824999999999,0,344.82425000000046,0,335.9785199999998,0,314.5014199999994,0,319.9943266666662,0,28920.87,,7.9,5.8,2.1000000000000005,Train / Val
2019-03-13,357.42,359.614,355.026,357.42,12119730,0.0,0.0,350.89759999999995,0,345.35280000000046,0,336.9518599999997,0,315.2553599999994,0,320.08341999999953,0,28807.45,,11.7,5.1,6.6,Train / Val
2019-03-14,357.42,359.614,355.226,356.622,12053400,0.0,0.0,353.07159999999993,0,346.1406500000005,0,337.90125999999975,0,316.0152799999994,0,320.13527999999957,0,28851.39,0.0,12.0,4.8,7.2,Train / Val
2019-03-15,357.619,362.605,356.223,358.018,16073845,0.0,0.0,355.3454,0,347.3972000000005,0,338.79879999999974,0,316.7931499999994,0,320.1751733333329,0,29012.26,,11.5,4.8,6.7,Train / Val
2019-03-18,360.212,367.791,359.813,367.791,19482780,0.0,0.0,357.5394,0,348.84320000000054,0,340.03939999999983,0,317.65876999999944,0,320.2536266666662,0,29409.01,0.4404,8.6,5.0,3.5999999999999996,Train / Val
2019-03-19,366.395,368.988,365.198,368.988,15395110,0.0,0.0,358.39709999999997,0,350.49865000000057,0,341.3358399999998,0,318.44460999999944,0,320.2935199999995,0,29466.28,0.5267,8.2,6.4,1.799999999999999,Train / Val
2019-03-20,368.39,370.185,365.996,368.988,16162580,0.0,0.0,359.19489999999996,0,351.9447000000006,0,342.52059999999983,0,319.36408999999946,0,320.2762333333328,0,29320.97,0.3818,8.2,6.6,1.5999999999999996,Train / Val
2019-03-21,366.993,369.586,360.81,362.007,21176941,0.0,0.0,359.97279999999995,0,352.9320000000005,0,343.42611999999986,0,320.2336999999995,0,320.2296933333328,0,29071.56,0.8885,10.3,6.8,3.500000000000001,Train / Val
2019-03-22,362.007,368.589,356.622,364.002,25419228,0.0,0.0,361.76789999999994,0,353.9791500000005,0,344.41141999999985,0,321.1910799999995,0,320.2562866666662,0,29113.36,,9.7,5.9,3.799999999999999,Train / Val
2019-03-25,351.835,355.226,350.838,352.832,20850523,0.0,0.0,361.6681,1,354.4777500000006,1,344.9339799999998,0,322.1265099999995,0,320.2908599999995,0,28523.35,,13.2,5.5,7.699999999999999,Train / Val
2019-03-26,352.633,355.026,346.051,350.439,16227292,0.0,0.0,360.7107,1,354.8966000000006,1,345.3807599999998,0,323.0380099999995,0,320.3932466666662,0,28566.91,0.0,13.9,4.2,9.7,Train / Val
2019-03-27,349.043,357.021,349.043,353.63,13588869,0.0,0.0,360.33169999999996,1,355.61465000000055,1,345.8474799999998,0,324.0592099999995,0,320.5847199999995,0,28728.25,,12.9,4.1,8.8,Train / Val
2019-03-28,352.034,353.431,349.84,353.032,10974495,0.0,0.0,359.9727,1,356.5221500000006,1,346.4897199999998,0,324.9268299999995,0,320.69774666666615,0,28775.21,,13.1,4.2,8.899999999999999,Train / Val
2019-03-29,355.026,360.81,353.032,360.013,17603625,0.0,0.0,360.1722,1,357.75880000000063,0,347.10803999999973,0,325.75655999999947,0,320.7655666666662,0,29051.36,,10.9,5.2,5.7,Train / Val
2019-04-01,366.794,366.993,363.802,364.002,14798725,0.0,0.0,359.79329999999993,0,358.66635000000065,0,347.7861799999997,0,326.3688799999994,0,320.86130666666617,0,29562.02,0.4939,9.7,8.4,1.299999999999999,Train / Val
2019-04-02,368.988,368.988,364.401,364.999,13395056,0.0,0.0,359.3944,0,358.89575000000065,0,348.4802799999997,0,327.1028699999995,0,320.90518666666617,0,29624.67,0.3612,9.4,8.1,1.3000000000000007,Train / Val
2019-04-03,370.982,378.362,367.991,376.966,27663576,0.0,0.0,360.1922,0,359.69355000000064,0,349.2980399999997,0,327.96051999999946,0,321.0315066666662,0,29986.39,,5.9,4.5,1.4000000000000004,Train / Val
2019-04-04,374.972,378.562,371.98,374.972,13704181,0.0,0.0,361.4887,0,360.7307500000006,0,350.0160799999997,0,328.7842699999994,0,321.1777733333329,0,29936.32,0.0,6.5,5.5,1.0,Train / Val
2019-04-08,378.961,380.556,375.37,379.16,16256581,0.0,0.0,363.0045,0,362.3862000000006,0,350.9016399999997,0,329.6478999999995,0,321.3054199999996,0,30077.15,0.0,5.3,4.5,0.7999999999999998,Train / Val
2019-04-09,374.772,382.75,374.772,382.551,14580090,0.0,0.0,365.9764,0,363.8222500000006,0,351.90687999999966,0,330.6890499999995,0,321.4264199999996,0,30157.49,0.4404,4.4,5.4,1.0,Train / Val
2019-04-10,381.952,388.335,378.761,387.737,15552576,0.0,0.0,369.7062,0,365.20845000000065,0,353.0756799999997,0,331.8678199999995,0,321.6125799999996,0,30119.56,0.3595,3.0,5.9,2.9000000000000004,Train / Val
2019-04-11,394.917,399.305,389.931,390.329,33601497,0.0,0.0,373.37610000000006,0,366.85390000000064,0,354.0250599999997,0,333.0346199999995,0,321.83862666666624,0,29839.45,,1.8,4.0,2.2,Train / Val
2019-04-12,388.933,392.723,386.34,392.723,12791161,0.0,0.0,377.34520000000003,0,368.6589500000006,0,355.06619999999975,0,334.2472999999994,0,322.1963133333329,0,29909.76,,1.2,4.6,3.3999999999999995,Train / Val
2019-04-15,394.518,397.31,387.138,387.138,14001061,0.0,0.0,380.0577,0,370.1149500000006,0,355.9796999999997,0,335.2465599999994,0,322.5646333333329,0,29810.72,,2.5,4.6,2.0999999999999996,Train / Val
2019-04-16,388.933,392.922,383.947,392.523,13024291,0.0,0.0,382.9098,0,371.3515500000006,0,356.9649799999998,0,336.27572999999944,0,322.9302933333329,0,30129.87,,1.1,4.3,3.1999999999999997,Train / Val
2019-04-17,392.523,396.712,391.526,394.518,12785801,0.0,0.0,385.86170000000004,0,372.6280500000006,0,357.95425999999975,0,337.3168699999994,0,323.40099999999956,0,30124.68,,0.6,4.4,3.8000000000000003,Train / Val
2019-04-18,391.925,394.518,387.537,390.529,13142202,0.0,0.0,387.2180000000001,0,373.7051000000005,0,358.82387999999975,0,338.41385999999943,0,323.9129266666663,0,29963.26,,1.6,4.3,2.6999999999999997,Train / Val
2019-04-23,390.728,394.518,387.936,391.925,13309338,0.0,0.0,388.91330000000005,0,375.2010000000006,0,359.7293999999997,0,339.44502999999946,0,324.41953999999964,0,29963.24,0.7184,1.2,6.4,5.2,Train / Val
2019-04-24,396.712,396.712,388.933,391.925,15219647,0.0,0.0,390.1898000000001,0,376.59715000000057,0,360.6747999999997,0,340.4223499999995,0,324.94742666666633,0,29805.83,,0.5,5.9,5.4,Train / Val
2019-04-25,388.933,390.728,381.553,381.753,15543878,0.0,0.0,390.11000000000007,1,378.0432000000005,0,361.28911999999974,0,341.33583999999945,0,325.44472666666627,0,29549.8,,3.2,4.3,1.0999999999999996,Train / Val
2019-04-26,378.961,384.745,378.961,382.95,12886453,0.0,0.0,389.6313000000001,1,379.6687500000005,0,361.9393399999998,0,342.19348999999943,0,325.94735333333296,0,29605.01,,2.9,3.6,0.7000000000000002,Train / Val
2019-04-29,382.95,390.728,382.95,389.532,13451044,0.0,0.0,389.5516000000001,1,381.4638500000005,0,362.79299999999984,0,343.05911999999944,0,326.39147333333295,0,29892.81,0.0516,1.1,4.4,3.3000000000000003,Train / Val
2019-04-30,384.944,389.332,383.349,386.939,9657162,0.0,0.0,388.9732000000001,1,383.1592000000005,0,363.71447999999975,0,343.78911999999946,0,326.77708666666626,0,29699.11,,1.8,4.4,2.6000000000000005,Train / Val
2019-05-02,388.933,390.329,382.95,390.329,9045685,0.0,0.0,389.29230000000007,0,384.6750000000005,0,364.8633199999998,0,344.5809399999995,0,327.25709999999964,0,29944.18,,0.9,7.5,6.6,Train / Val
2019-05-03,386.141,388.534,383.548,386.739,9661796,0.0,0.0,388.7139,1,385.81185000000045,0,365.82067999999987,0,345.3368599999995,0,327.72115999999966,0,30081.55,,1.9,4.1,2.1999999999999997,Train / Val
2019-05-06,371.98,376.368,369.187,374.573,22726831,0.0,0.0,386.71940000000006,1,386.2905500000005,1,366.59455999999983,0,345.8434699999995,0,328.08017999999964,0,29209.82,,5.2,4.7,0.5,Train / Val
2019-05-07,375.171,380.157,372.977,379.758,17287049,0.0,0.0,385.64230000000003,1,386.4301500000005,1,367.38837999999987,0,346.3660299999995,0,328.4564799999996,0,29363.02,,3.7,3.7,0.0,Train / Val
2019-05-08,377.963,393.92,375.37,383.747,34223197,0.0,0.0,384.8245,1,386.8689000000005,1,368.2180999999999,0,347.00227999999953,0,328.79155999999966,0,29003.2,-0.4019,0.8,5.2,4.4,Train / Val
2019-05-09,383.747,386.54,374.573,374.573,19800539,0.0,0.0,383.0893,1,386.6395500000005,1,368.8483799999999,0,347.71432999999945,0,329.10935999999964,0,28311.07,,3.2,4.6,1.3999999999999995,Train / Val
2019-05-10,376.368,386.739,373.974,380.955,25923621,0.0,0.0,383.0095,1,386.55975000000046,1,369.61027999999993,0,348.4263799999995,0,329.4550799999996,0,28550.24,-0.4215,-0.9,5.1,6.0,Train / Val
2019-05-14,367.991,375.969,367.991,369.586,26493139,0.0,0.0,381.6731,1,385.6522000000005,1,370.16075999999987,1,349.0506599999995,0,329.7555866666663,0,28122.02,-0.4404,2.1,4.8,2.6999999999999997,Train / Val
2019-05-15,372.778,377.365,372.179,372.977,16344765,0.0,0.0,380.01759999999996,1,384.7846000000005,1,370.83491999999984,0,349.67693999999943,0,330.0933266666663,0,28268.71,0.1285,0.5,4.0,3.5,Train / Val
2019-05-16,365.996,374.972,364.6,364.6,22999863,0.0,0.0,377.7837,1,383.3784500000005,1,371.4292799999998,1,350.16360999999944,0,330.4164399999996,0,28275.07,0.6486,0.8,5.1,4.3,Train / Val
2019-05-17,367.2,367.6,355.0,355.8,22936991,1.0,0.0,374.33079999999995,1,381.8115500000005,1,371.8396799999998,1,350.5443199999995,0,330.68753333333296,0,27946.46,,-0.9,1.3,2.2,Train / Val
2019-05-20,349.6,352.6,342.0,342.0,26871329,0.0,0.0,369.85689999999994,1,379.28540000000055,1,371.7626599999998,1,350.8847699999995,1,330.9171599999997,0,27787.61,-0.4404,1.8,6.5,4.7,Train / Val
2019-05-21,338.8,348.2,336.8,341.2,22726295,0.0,0.0,366.51959999999997,1,376.6195000000005,1,371.37843999999984,1,351.21721999999943,1,331.164053333333,0,27657.24,0.0,1.9,6.0,4.1,Train / Val
2019-05-22,339.6,342.6,337.2,339.0,19217841,0.0,0.0,362.44379999999995,1,374.0430500000005,1,370.93823999999984,1,351.5874999999994,1,331.436173333333,0,27705.94,-0.1027,4.4,4.9,0.5,Train / Val
2019-05-23,335.0,336.6,323.2,326.0,36976879,0.0,0.0,356.66909999999996,1,370.74680000000046,1,370.37367999999987,1,351.8257899999994,1,331.65619999999967,1,27267.13,,9.6,7.7,1.8999999999999995,Train / Val
2019-05-24,327.8,332.8,324.6,324.8,21404288,0.0,0.0,351.6918,1,367.3905500000005,1,369.94865999999985,1,352.0660399999994,1,331.9174199999997,1,27353.93,,10.0,7.3,2.7,Train / Val
2019-05-27,321.4,328.6,316.8,323.8,19797153,0.0,0.0,345.97630000000004,1,364.49290000000053,1,369.3480599999998,1,352.1606599999994,1,332.30095333333304,1,27288.09,,10.4,6.4,4.0,Train / Val
2019-05-28,324.0,332.4,323.6,325.6,28960336,0.0,0.0,341.5777,1,361.6254000000005,1,368.6597999999998,1,352.3191599999994,1,332.55421333333305,1,27390.81,0.34,9.8,6.0,3.8000000000000007,Train / Val
2019-05-29,321.2,327.6,321.2,322.0,19971599,0.0,0.0,336.48,1,358.24880000000053,1,367.95139999999986,1,352.4516299999994,1,332.8207066666664,1,27235.71,0.8402,11.0,6.2,4.8,Train / Val
2019-05-30,325.4,326.0,321.6,324.4,12992745,0.0,0.0,332.46000000000004,1,355.1218500000005,1,367.3069599999999,1,352.6041099999994,1,333.11250666666643,1,27114.88,,10.2,7.6,2.5999999999999996,Train / Val
2019-05-31,324.0,331.6,323.8,326.0,18980287,0.0,0.0,329.48,1,351.9054000000005,1,366.6665999999999,1,352.7326999999994,1,333.41763333333313,1,26901.09,,12.8,6.5,6.300000000000001,Train / Val
2019-06-03,329.8,333.6,327.2,333.6,20420961,0.0,0.0,328.64,0,349.24845000000056,1,365.9827799999998,1,353.0110899999994,1,333.7667733333331,1,26893.86,0.0,10.3,5.7,4.6000000000000005,Train / Val
2019-06-04,333.0,333.6,326.2,327.2,19665110,0.0,0.0,327.24,1,346.8798000000005,1,365.1470199999998,1,353.24142999999935,1,334.01207999999974,1,26761.52,,12.4,4.7,7.7,Train / Val
2019-06-05,335.2,335.8,327.8,331.0,18268207,0.0,0.0,326.44,0,344.44190000000054,1,364.3872599999998,1,353.4539299999994,1,334.3718133333331,1,26895.44,,11.1,6.6,4.5,Train / Val
2019-06-06,332.0,332.8,326.0,330.4,12392764,0.0,0.0,326.88,0,341.7745500000005,1,363.7551199999998,1,353.5906199999994,1,334.7408399999997,1,26965.28,,11.3,5.9,5.4,Train / Val
2019-06-10,335.0,343.8,334.2,343.0,23888423,0.0,0.0,328.7,0,340.1959000000005,0,363.3350799999998,1,353.8732499999994,1,335.2390799999997,0,27578.64,0.0,7.2,4.0,3.2,Train / Val
2019-06-11,343.6,345.0,341.2,344.6,17865553,0.0,0.0,330.78,0,338.3781500000005,0,363.1704399999998,1,354.0522099999994,1,335.8078199999997,0,27789.34,-0.1027,6.7,3.9,2.8000000000000003,Train / Val
2019-06-12,341.8,342.2,335.2,337.4,17538487,0.0,0.0,331.96,0,336.7688500000005,0,362.90965999999986,1,354.14520999999945,1,336.32855999999975,0,27308.46,,9.0,3.6,5.4,Train / Val
2019-06-13,335.4,336.0,327.2,334.2,20320099,0.0,0.0,333.17999999999995,0,334.8300000000005,1,362.52105999999986,1,354.1842699999994,1,336.87982666666636,1,27294.71,0.0,10.1,6.5,3.5999999999999996,Train / Val
2019-06-14,334.6,336.8,329.2,330.0,14066039,0.0,0.0,333.73999999999995,1,333.1000000000005,1,362.06041999999985,1,354.2750699999994,1,337.3046933333331,1,27118.35,0.0,11.5,3.0,8.5,Train / Val
2019-06-17,331.8,335.4,328.6,329.0,10592982,0.0,0.0,334.03999999999996,1,331.76000000000045,1,361.4401599999999,1,354.2740999999994,1,337.65109333333305,1,27227.16,-0.3818,11.8,2.6,9.200000000000001,Train / Val
2019-06-18,333.0,336.4,330.0,334.0,11970079,0.0,0.0,334.08,1,331.36000000000047,0,360.8401199999999,1,354.3131499999994,1,337.8592933333331,1,27498.77,,10.1,3.5,6.6,Train / Val
2019-06-19,344.0,347.8,342.0,347.2,23558956,0.0,0.0,336.08,0,331.6600000000004,0,360.4841399999999,1,354.4822099999993,1,338.2299599999997,0,28202.14,0.6369,5.9,4.8,1.1000000000000005,Train / Val
2019-06-20,349.0,354.0,348.0,354.0,19226151,0.0,0.0,338.38,0,332.4100000000004,0,360.02481999999986,1,354.6614299999993,1,338.64861999999977,0,28550.43,,3.9,5.2,1.3000000000000003,Train / Val
2019-06-21,357.4,357.4,349.0,354.4,20111025,0.0,0.0,340.78,0,333.83000000000044,0,359.6133799999999,1,354.8147299999993,1,339.06063999999975,0,28473.71,,3.8,5.1,1.2999999999999998,Train / Val
2019-06-24,354.6,357.4,352.4,355.8,10648069,0.0,0.0,342.06,0,335.38000000000045,0,359.1461799999999,1,355.0239099999994,0,339.4806599999998,0,28513.0,0.1531,3.4,4.3,0.8999999999999999,Train / Val
2019-06-25,354.0,354.8,348.0,349.4,11468559,0.0,0.0,342.54,0,336.6600000000004,0,358.48315999999994,1,355.19501999999943,1,339.9537533333331,0,28185.98,0.0,5.9,4.2,1.7000000000000002,Train / Val
2019-06-26,343.0,350.6,343.0,349.0,10660430,0.0,0.0,343.7,0,337.8300000000004,0,357.7084199999999,1,355.3920499999994,1,340.4813533333331,0,28221.98,,7.7,3.7,4.0,Train / Val
2019-06-27,350.4,354.6,350.4,352.8,11289540,0.0,0.0,345.56000000000006,0,339.3700000000004,0,356.95783999999986,1,355.4914499999995,1,341.00902666666644,0,28621.42,0.4215,6.6,5.8,0.7999999999999998,Train / Val
2019-06-28,353.0,353.0,348.6,352.6,12773981,0.0,0.0,347.82000000000005,0,340.7800000000004,0,356.1553799999998,1,355.6107899999995,1,341.54999333333313,0,28542.62,,7.1,5.2,1.8999999999999995,Train / Val
2019-07-02,367.8,367.8,360.2,362.4,22510870,0.0,0.0,351.16,0,342.6000000000004,0,355.6606199999998,0,355.8201599999995,0,342.0512466666665,0,28875.56,0.0,4.2,4.3,0.09999999999999964,Train / Val
2019-07-03,359.8,360.8,357.2,360.4,10362622,0.0,0.0,353.80000000000007,0,343.9400000000004,0,355.01815999999985,0,355.99156999999946,0,342.52320666666645,0,28855.14,,4.8,4.8,0.0,Train / Val
2019-07-04,361.0,364.2,359.2,360.0,6813628,0.0,0.0,355.08000000000004,0,345.5800000000004,0,354.32779999999985,0,356.14102999999955,0,342.9871799999998,0,28795.77,,4.9,4.4,0.5,Train / Val
2019-07-05,360.0,361.0,357.6,359.8,5126913,0.0,0.0,355.6600000000001,0,347.0200000000004,0,353.71321999999986,0,356.26854999999955,0,343.5136466666665,0,28774.83,,5.0,4.2,0.7999999999999998,Train / Val
2019-07-08,355.0,355.8,351.0,351.0,10023962,0.0,0.0,355.32000000000005,1,348.0500000000004,0,352.8947199999999,1,356.3120599999995,1,343.9282599999998,0,28331.69,-0.4215,7.6,1.8,5.8,Train / Val
2019-07-09,350.4,351.4,347.0,350.8,9658204,0.0,0.0,354.82000000000005,1,348.4400000000004,0,352.07221999999985,1,356.3735099999996,1,344.3056399999998,0,28116.28,0.0,7.7,2.0,5.7,Train / Val
2019-07-10,352.0,357.4,352.0,356.8,12865621,0.0,0.0,355.56000000000006,0,349.0500000000004,0,351.57315999999986,0,356.43113999999963,0,344.74827999999985,0,28204.69,-0.2732,5.9,6.2,0.2999999999999998,Train / Val
2019-07-11,356.6,360.8,356.0,357.2,8907307,0.0,0.0,356.38000000000005,0,350.0400000000004,0,351.0581599999998,0,356.49874999999963,0,345.14837999999986,0,28431.8,0.296,5.8,5.9,0.10000000000000053,Train / Val
2019-07-12,360.0,360.0,354.8,355.0,8286973,0.0,0.0,356.6,1,351.08000000000044,0,350.36751999999984,0,356.5802599999996,1,345.4952533333332,0,28471.62,,6.4,3.4,3.0000000000000004,Train / Val
2019-07-15,356.0,360.8,349.8,360.8,11809455,0.0,0.0,357.4200000000001,0,352.62000000000046,0,349.8447399999999,0,356.77960999999965,0,345.8076599999999,0,28554.88,,4.7,6.0,1.2999999999999998,Train / Val
2019-07-16,364.6,364.6,361.0,362.6,10418687,0.0,0.0,357.44000000000005,0,354.30000000000047,0,349.2901599999998,0,357.07673999999963,0,346.1506799999999,0,28619.62,0.0772,4.2,5.9,1.7000000000000002,Train / Val
2019-07-17,359.6,364.4,358.6,363.2,9651769,0.0,0.0,357.72,0,355.76000000000045,0,348.8193799999998,0,357.32002999999963,0,346.4976999999999,0,28593.17,0.3612,4.0,6.8,2.8,Train / Val
2019-07-18,360.0,361.2,356.6,356.6,10489401,0.0,0.0,357.38,1,356.2300000000005,0,348.4599199999998,0,357.5272399999996,1,346.7156199999999,0,28461.66,0.0,5.9,4.6,1.3000000000000007,Train / Val
2019-07-19,358.0,363.0,357.8,361.8,8054720,0.0,0.0,357.58000000000004,0,356.62000000000046,0,348.1007599999997,0,357.7445699999996,0,346.9442733333333,0,28765.4,,4.4,7.0,2.5999999999999996,Train / Val
2019-07-22,359.0,361.4,355.8,357.6,8674217,0.0,0.0,358.24,1,356.78000000000054,0,347.5778199999997,0,357.89795999999956,1,347.19412666666653,0,28371.26,0.5106,5.6,6.2,0.6000000000000005,Train / Val
2019-07-23,357.4,360.4,356.0,358.6,8762748,0.0,0.0,359.02,1,356.9200000000005,0,347.25835999999964,0,358.0533699999996,0,347.5623399999999,0,28466.48,0.0,5.4,5.3,0.10000000000000053,Train / Val
2019-07-24,363.0,370.0,361.2,365.6,17751719,0.0,0.0,359.9,0,357.7300000000006,0,346.9512599999996,0,358.28076999999956,0,347.9346733333332,0,28524.04,0.4404,3.3,5.2,1.9000000000000004,Train / Val
2019-07-26,370.6,376.0,369.4,370.2,11652441,0.0,0.0,361.19999999999993,0,358.79000000000053,0,346.9635399999996,0,358.5621499999995,0,348.3549533333331,0,28397.74,,2.1,5.4,3.3000000000000003,Train / Val
2019-07-29,367.8,373.2,367.8,372.2,11280011,0.0,0.0,362.91999999999996,0,359.76000000000056,0,346.94799999999964,0,358.8914599999995,0,348.7672933333331,0,28106.41,0.3612,1.5,6.0,4.5,Train / Val
2019-07-30,372.0,377.8,371.2,373.2,10540964,0.0,0.0,364.1599999999999,0,360.79000000000053,0,347.1199999999997,0,359.27463999999947,0,349.1490733333331,0,28146.5,0.3818,0.2,6.3,6.1,Train / Val
2019-07-31,369.0,372.4,367.0,368.2,10495521,0.0,0.0,364.7199999999999,0,361.0800000000005,0,347.3679999999997,0,359.6038399999995,0,349.48554666666644,0,27777.75,,1.5,6.1,4.6,Train / Val
2019-08-01,372.4,373.8,368.0,370.0,12378256,0.0,0.0,365.3999999999999,0,361.5600000000005,0,347.9279999999997,0,359.8453299999994,0,349.8991799999998,0,27565.7,0.25,-2.2,5.6,7.8,Train / Val
2019-08-02,361.0,362.0,355.2,355.8,25277955,0.0,0.0,365.31999999999994,1,361.35000000000053,1,348.2199999999997,0,359.7992199999995,1,350.2181466666664,0,26918.58,0.0,-1.3,3.0,4.3,Train / Val
2019-08-05,350.0,351.0,340.6,340.6,30561976,0.0,0.0,363.19999999999993,1,360.39000000000055,1,348.25199999999967,1,359.59511999999944,1,350.4756666666664,1,26151.32,-0.4767,1.9,6.1,4.199999999999999,Train / Val
2019-08-06,330.0,342.0,328.2,337.2,31256564,0.0,0.0,361.1599999999999,1,359.70000000000056,1,348.4759999999997,1,359.4248399999994,1,350.7091933333331,1,25976.24,0.7269,2.9,6.0,3.1,Train / Val
2019-08-07,337.2,342.0,336.0,338.6,15153029,0.0,0.0,359.1599999999999,1,359.09000000000054,1,348.75199999999967,1,359.35032999999936,1,350.9613599999997,1,25997.03,,2.5,6.2,3.7,Train / Val
2019-08-08,341.0,346.2,340.6,342.4,15459615,0.0,0.0,356.8399999999999,1,358.3700000000005,1,349.12399999999974,1,359.23602999999935,1,351.1484399999997,1,26120.77,-0.6124,1.3,4.4,3.1000000000000005,Train / Val
2019-08-09,346.6,347.0,338.4,338.4,13743977,0.0,0.0,353.65999999999997,1,357.4300000000005,1,349.37999999999977,1,359.0198999999994,1,351.3394399999997,1,25939.3,,2.2,4.9,2.7,Train / Val
2019-08-12,339.0,344.0,338.8,340.0,12343341,0.0,0.0,350.43999999999994,1,356.6800000000005,1,349.7399999999998,1,358.8456999999994,1,351.54775333333305,1,25824.72,0.0772,1.8,5.3,3.5,Train / Val
2019-08-13,336.4,339.4,334.0,334.0,13152402,0.0,0.0,346.52,1,355.3400000000005,1,349.93199999999973,1,358.6194799999994,1,351.71340666666634,1,25281.3,-0.4599,3.6,3.0,0.6000000000000001,Train / Val
2019-08-14,343.0,345.0,337.4,340.0,17481734,0.0,0.0,343.7,1,354.2100000000005,1,350.21199999999976,1,358.43929999999943,1,351.89246666666634,1,25302.28,0.5106,2.3,6.1,3.8,Train / Val
2019-08-15,326.8,334.8,325.8,330.4,30008735,0.0,0.0,339.74,1,352.5700000000005,1,350.1479999999998,1,358.06538999999947,1,352.05672666666635,1,25495.46,0.4019,6.2,4.0,2.2,Train / Val
2019-08-16,327.2,329.4,326.0,326.4,23731488,0.0,0.0,336.8,1,351.06000000000046,1,350.13199999999983,1,357.6395099999995,1,352.20495333333304,1,25734.22,,7.5,4.4,3.0999999999999996,Train / Val
2019-08-19,330.8,338.4,330.8,336.8,21800145,0.0,0.0,336.42,0,349.81000000000046,1,350.2479999999998,1,357.31762999999955,1,352.3852866666664,1,26291.84,-0.5106,4.2,5.8,1.5999999999999996,Train / Val
2019-08-20,337.2,339.8,333.4,333.4,15516860,0.0,0.0,336.0400000000001,1,348.6000000000004,1,350.3079999999998,1,357.0315599999996,1,352.49641333333307,1,26231.54,-0.3612,5.3,2.4,2.9,Train / Val
2019-08-21,333.0,336.2,332.4,332.6,10428368,0.0,0.0,335.44000000000005,1,347.3000000000004,1,350.0999999999998,1,356.7175399999996,1,352.6154999999997,1,26270.04,0.0,5.5,3.3,2.2,Train / Val
2019-08-22,335.0,335.6,331.0,331.0,10524994,0.0,0.0,334.30000000000007,1,345.5700000000004,1,349.8279999999998,1,356.4992199999995,1,352.64413999999977,1,26048.72,-0.6249,6.0,2.7,3.3,Train / Val
2019-08-23,331.4,336.0,330.0,334.2,11801354,0.0,0.0,333.88,0,343.7700000000004,1,349.7639999999998,1,356.3368299999995,1,352.6848066666664,1,26179.33,0.4939,5.0,7.3,2.3,Train / Val
2019-08-26,323.0,326.0,320.6,326.0,22762840,0.0,0.0,332.48,1,341.4600000000004,1,349.5999999999998,1,356.0605299999996,1,352.6561799999997,1,25680.33,0.8934,7.7,3.5,4.2,Train / Val
2019-08-27,324.0,327.8,324.0,326.2,17918758,0.0,0.0,331.7,1,339.1100000000004,1,349.5239999999998,1,355.79220999999956,1,352.6913799999997,1,25664.07,-0.296,7.6,4.3,3.3,Train / Val
2019-08-28,325.4,327.0,318.0,319.0,22634739,0.0,0.0,329.6,1,336.65000000000043,1,349.3239999999998,1,355.3820799999996,1,352.62406666666635,1,25615.48,0.0516,10.0,3.9,6.1,Train / Val
2019-08-29,318.0,320.6,312.2,320.2,25031076,0.0,0.0,328.58,1,334.1600000000004,1,349.04799999999983,1,354.9440599999995,1,352.5580999999997,1,25703.5,0.0,9.6,4.0,5.6,Train / Val
2019-08-30,327.0,327.2,321.0,324.8,19417590,0.0,0.0,328.41999999999996,1,332.6100000000004,1,348.5999999999998,1,354.5420699999995,1,352.521473333333,1,25724.73,0.0,8.1,5.3,2.8,Train / Val
2019-09-02,327.6,331.6,325.0,331.2,16957154,0.0,0.0,327.85999999999996,0,332.1400000000004,1,348.1439999999998,1,354.0844099999995,1,352.488953333333,1,25626.55,0.0,6.0,6.6,0.5999999999999996,Train / Val
2019-09-03,333.0,333.8,328.4,329.2,13962630,0.0,0.0,327.43999999999994,0,331.74000000000035,1,347.63999999999976,1,353.6266899999994,1,352.423153333333,1,25527.85,0.0,6.6,6.6,0.0,Train / Val
2019-09-04,333.2,341.8,333.0,341.2,22337389,0.0,0.0,328.2999999999999,0,331.87000000000035,0,347.3479999999998,1,353.2470899999994,1,352.46527333333296,1,26523.23,0.3612,2.9,4.3,1.4,Train / Val
2019-09-05,345.0,346.0,335.8,341.4,18125571,0.0,0.0,329.3399999999999,0,331.82000000000033,0,347.1879999999998,1,352.83557999999937,1,352.526013333333,1,26515.53,0.0,2.8,5.3,2.5,Train / Val
2019-09-06,344.0,345.0,339.6,343.4,13446348,0.0,0.0,330.25999999999993,0,332.07000000000033,0,347.07599999999985,1,352.3922099999994,1,352.620033333333,1,26690.76,0.0,2.2,5.5,3.3,Train / Val
2019-09-09,345.8,346.0,340.0,342.4,8805778,0.0,0.0,331.9,0,332.19000000000034,0,346.8679999999999,1,351.9129199999994,1,352.61696666666637,1,26681.4,0.0,2.5,4.7,2.2,Train / Val
2019-09-10,344.0,345.0,338.8,340.2,10676488,0.0,0.0,333.29999999999995,0,332.50000000000034,0,346.61999999999995,1,351.3876899999994,1,352.6138599999997,1,26683.68,0.0,3.2,4.4,1.2000000000000002,Train / Val
2019-09-11,341.0,347.8,339.4,346.0,15794903,0.0,0.0,335.99999999999994,0,332.8000000000003,0,346.2919999999999,1,350.97630999999944,1,352.64410666666635,1,27159.06,-0.3182,1.4,4.5,3.1,Train / Val
2019-09-12,350.2,351.0,347.2,349.4,15302176,0.0,0.0,338.91999999999996,0,333.75000000000034,0,346.0719999999999,0,350.5450799999994,1,352.6850466666664,1,27087.63,0.8126,0.3,5.9,5.6000000000000005,Train / Val
2019-09-13,350.0,350.6,346.6,349.6,9936410,0.0,0.0,341.4,0,334.91000000000037,0,345.86399999999986,0,350.09589999999946,1,352.71535333333304,1,27352.69,0.0258,-0.9,6.0,6.9,Train / Val
2019-09-16,346.0,346.6,339.8,346.6,23372263,0.0,0.0,342.93999999999994,0,335.4000000000004,0,345.59999999999985,0,349.65660999999943,1,352.71236666666636,1,27124.55,0.4549,-0.3,4.1,4.3999999999999995,Train / Val
2019-09-17,343.2,345.4,340.6,343.6,9225687,0.0,0.0,344.38,1,335.9100000000004,0,345.4519999999998,1,349.1733599999994,1,352.6920399999997,1,26790.24,0.0,0.6,5.8,5.2,Train / Val
2019-09-18,344.0,345.6,341.6,343.0,7335407,0.0,0.0,344.56,1,336.4300000000004,0,345.2959999999998,1,348.68410999999935,1,352.68100666666635,1,26754.12,0.25,0.1,6.2,6.1000000000000005,Train / Val
2019-09-19,342.6,343.2,338.0,338.4,9437921,0.0,0.0,344.26,1,336.80000000000035,0,344.9279999999999,1,348.2505799999994,1,352.59675999999973,1,26468.95,0.3818,0.7,7.1,6.3999999999999995,Train / Val
2019-09-20,340.8,340.8,334.2,337.6,19281922,0.0,0.0,343.67999999999995,1,336.97000000000037,0,344.53599999999983,1,347.7970799999994,1,352.5111666666664,1,26435.67,0.128,0.2,3.8,3.5999999999999996,Train / Val
2019-09-23,336.4,338.4,335.2,335.8,8307566,0.0,0.0,343.02,1,337.4600000000004,1,344.1519999999998,1,347.25975999999946,1,352.4375066666664,1,26222.4,-0.296,0.7,4.9,4.2,Train / Val
2019-09-24,335.0,338.2,334.2,335.6,10719005,0.0,0.0,342.56,1,337.9300000000004,1,343.6479999999998,1,346.74636999999944,1,352.4024066666664,1,26281.0,-0.4588,-0.1,4.5,4.6,Train / Val
2019-09-25,331.0,332.4,328.0,328.4,17433778,0.0,0.0,340.8,1,338.40000000000043,1,342.9639999999999,1,346.12707999999947,1,352.37249333333307,1,25945.35,,2.1,5.2,3.1,Train / Val
2019-09-26,335.4,335.4,330.0,332.4,12445742,0.0,0.0,339.1,1,339.0100000000004,1,342.3479999999999,1,345.5836899999995,1,352.3293533333331,1,26041.93,0.5423,0.5,5.6,5.1,Train / Val
2019-09-27,330.0,331.4,328.6,329.4,10822038,0.0,0.0,337.08000000000004,1,339.24000000000035,1,341.8039999999999,1,345.13195999999954,1,352.28615999999977,1,25954.81,0.0,1.5,5.7,4.2,Train / Val
2019-09-30,324.0,332.4,323.4,330.2,14689552,0.0,0.0,335.44,1,339.1900000000004,1,341.17199999999997,1,344.63637999999946,1,352.2203799999997,1,26092.27,0.5106,1.2,5.9,4.7,Train / Val
2019-10-02,323.2,326.6,323.2,325.0,17282236,0.0,0.0,333.58000000000004,1,338.98000000000036,1,340.52,1,344.04890999999947,1,352.10530666666637,1,26042.69,0.0,2.8,4.8,2.0,Train / Val
2019-10-03,323.2,326.0,322.0,325.2,15825550,0.0,0.0,331.8,1,338.1800000000004,1,339.85200000000003,1,343.55517999999944,1,351.9862466666664,1,26110.31,0.0,2.8,5.0,2.2,Train / Val
2019-10-04,326.8,327.0,320.0,322.8,12610140,0.0,0.0,330.24,1,337.2500000000004,1,338.99600000000004,1,342.97362999999945,1,351.85251333333304,1,25821.03,0.0,3.5,5.5,2.0,Train / Val
2019-10-08,322.0,327.6,322.0,323.8,15282570,0.0,0.0,328.86,1,336.27000000000044,1,338.06800000000004,1,342.51576999999946,1,351.7307666666664,1,25893.4,0.2003,3.2,5.5,2.3,Train / Val
2019-10-09,321.6,323.2,318.2,318.2,17689295,0.0,0.0,327.1,1,335.06000000000046,1,336.98800000000006,1,341.96799999999945,1,351.5903066666664,1,25682.81,-0.6249,5.2,4.3,0.9000000000000004,Train / Val
2019-10-10,319.4,322.6,317.4,318.8,16487008,0.0,0.0,325.42,1,333.99000000000046,1,335.9,1,341.5099999999995,1,351.4830933333331,1,25707.93,0.7845,5.0,6.3,1.2999999999999998,Train / Val
2019-10-11,324.0,328.0,323.0,324.8,19605498,0.0,0.0,325.06000000000006,1,332.93000000000046,1,335.032,1,341.1999999999995,1,351.41322666666645,1,26308.44,0.296,3.2,6.1,2.8999999999999995,Train / Val
2019-10-14,327.0,330.6,324.0,328.2,24011589,0.0,0.0,324.64,0,331.87000000000046,1,334.19599999999997,1,341.06199999999944,1,351.2955533333331,1,26521.85,-0.6808,2.1,5.6,3.4999999999999996,Train / Val
2019-10-15,329.4,331.6,327.6,328.8,14202519,0.0,0.0,324.58000000000004,0,330.8300000000005,1,333.656,1,340.93799999999953,1,351.0848133333331,1,26503.93,0.1531,1.9,6.4,4.5,Train / Val
2019-10-16,330.0,332.0,328.0,331.0,13953191,0.0,0.0,324.66,0,330.05000000000047,0,333.464,1,340.8579999999995,1,350.88474666666644,1,26664.28,0.0,1.3,5.4,4.1000000000000005,Train / Val
2019-10-17,332.8,332.8,328.4,331.0,10339120,0.0,0.0,325.26000000000005,0,329.4200000000004,0,333.34,1,340.9079999999995,1,350.72989333333305,1,26848.49,0.0,1.3,4.8,3.5,Train / Val
2019-10-18,332.0,334.2,330.2,331.0,9904468,0.0,0.0,325.84000000000003,0,328.82000000000045,0,333.18800000000005,1,340.9699999999995,1,350.6295533333331,1,26719.58,0.4404,1.3,6.4,5.1000000000000005,Train / Val
2019-10-21,329.6,330.2,324.8,324.8,13947162,0.0,0.0,326.0400000000001,1,328.14000000000044,1,332.836,1,340.9799999999995,1,350.43601999999976,1,26725.68,0.296,3.6,5.5,1.9,Train / Val
2019-10-22,325.0,327.8,324.8,327.6,10448427,0.0,0.0,326.42,0,327.64000000000044,1,332.61999999999995,1,340.9999999999995,1,350.2199333333331,1,26786.2,0.4767,3.1,7.1,3.9999999999999996,Train / Val
2019-10-23,324.8,325.8,319.6,320.0,19855257,0.0,0.0,326.6,1,326.8500000000005,1,332.2199999999999,1,340.9799999999995,1,349.9704666666664,1,26566.73,-0.7351,5.5,2.6,2.9,Train / Val
2019-10-24,319.0,320.6,316.6,319.0,18472498,0.0,0.0,326.62,1,326.02000000000044,1,331.9199999999999,1,340.9259999999995,1,349.71965333333304,1,26797.95,0.34,5.8,4.0,1.7999999999999998,Train / Val
2019-10-25,320.4,320.4,316.6,316.6,15789881,0.0,0.0,325.8,1,325.43000000000046,1,331.4519999999999,1,340.8319999999995,1,349.4435333333331,1,26667.39,,8.0,3.8,4.2,Train / Val
2019-10-28,316.4,323.6,316.2,322.0,17610356,0.0,0.0,325.18,1,324.9100000000005,1,331.2839999999999,1,340.7159999999995,1,349.1382599999998,1,26891.26,0.0,6.2,4.0,2.2,Train / Val
2019-10-29,323.0,323.8,317.0,317.0,19927333,0.0,0.0,324.0,1,324.29000000000053,1,331.09599999999983,1,340.6139999999995,1,348.7916733333331,1,26786.76,0.0,7.9,4.5,3.4000000000000004,Train / Val
2019-10-30,316.0,319.4,314.6,316.2,13194838,0.0,0.0,322.52,1,323.5900000000005,1,330.68399999999986,1,340.4659999999995,1,348.4397533333331,1,26667.71,0.0,8.2,4.3,3.8999999999999995,Train / Val
2019-10-31,321.0,322.0,318.4,320.8,16107518,0.0,0.0,321.5,1,323.3800000000005,1,330.43199999999985,1,340.3699999999995,1,348.1650399999998,1,26906.72,-0.5106,6.6,3.0,3.5999999999999996,Train / Val
2019-11-01,319.6,322.2,318.8,321.6,10404101,0.0,0.0,320.56,0,323.20000000000056,1,330.2119999999998,1,340.1559999999995,1,347.8823599999998,1,27100.76,,6.3,6.3,0.0,Train / Val
2019-11-04,322.0,327.8,322.0,327.6,14776025,0.0,0.0,320.84,0,323.44000000000057,0,330.1439999999998,1,339.9859999999995,1,347.71414666666647,1,27547.3,0.0,4.4,5.7,1.2999999999999998,Train / Val
2019-11-05,330.0,334.0,327.4,333.0,22748099,0.0,0.0,321.38,0,323.90000000000055,0,330.1199999999998,0,339.94199999999944,1,347.59788666666645,1,27683.4,0.7906,2.7,4.0,1.2999999999999998,Train / Val
2019-11-06,333.2,334.8,331.2,334.0,12428539,0.0,0.0,322.78,0,324.69000000000057,0,330.2799999999998,0,339.9399999999995,1,347.4670199999998,1,27688.64,0.4404,2.4,6.1,3.6999999999999997,Train / Val
2019-11-07,333.0,333.6,326.8,333.6,15533405,0.0,0.0,324.23999999999995,0,325.4300000000006,0,330.4279999999997,0,339.9759999999995,1,347.33747333333315,1,27847.23,-0.3802,2.5,4.3,1.7999999999999998,Train / Val
2019-11-08,335.0,335.2,326.2,327.2,16655874,0.0,0.0,325.29999999999995,0,325.5500000000005,0,330.59199999999976,1,339.95799999999946,1,347.11871999999977,1,27651.14,-0.3612,4.5,4.2,0.2999999999999998,Train / Val
2019-11-11,327.0,327.2,322.0,323.0,15086985,0.0,0.0,325.4,1,325.29000000000053,1,330.64799999999974,1,339.84799999999944,1,346.8453733333331,1,26926.55,-0.8176,5.9,1.2,4.7,Train / Val
2019-11-12,326.4,330.2,325.2,330.2,15908142,0.0,0.0,326.7199999999999,0,325.3600000000005,0,330.75599999999974,1,339.67799999999943,1,346.6133799999997,1,27065.28,0.6476,3.6,6.4,2.8000000000000003,Train / Val
2019-11-13,331.6,331.6,325.4,327.4,15928263,0.0,0.0,327.84,1,325.1800000000005,0,330.6799999999998,1,339.41199999999947,1,346.28293999999977,1,26571.46,0.765,7.3,7.2,0.09999999999999964,Train / Val
2019-11-14,320.0,323.8,318.0,319.8,25690697,0.0,0.0,327.73999999999995,1,324.6200000000005,1,330.49199999999973,1,339.06599999999946,1,345.9151266666664,1,26323.69,0.5859,13.1,6.6,6.5,Train / Val
2019-11-15,323.0,323.0,318.8,320.0,13587498,0.0,0.0,327.58,1,324.0700000000005,1,330.06799999999976,1,338.70799999999946,1,345.5207266666664,1,26326.66,0.7959,13.9,7.1,6.800000000000001,Train / Val
2019-11-19,333.0,336.6,330.4,336.6,24637015,0.0,0.0,328.47999999999996,0,324.66000000000054,0,329.9719999999997,0,338.5799999999994,1,345.21438666666637,1,27093.8,,10.8,4.4,6.4,Train / Val
2019-11-20,335.6,337.6,332.6,335.6,13744314,0.0,0.0,328.73999999999995,0,325.0600000000005,0,329.81599999999963,0,338.4459999999994,1,344.8668066666664,1,26889.61,0.3612,13.2,6.4,6.799999999999999,Train / Val
2019-11-21,332.0,332.0,328.0,329.4,13344246,0.0,0.0,328.28,0,325.53000000000054,0,329.55599999999964,1,338.21199999999936,1,344.4606133333331,1,26466.88,-0.7351,15.4,4.8,10.600000000000001,Train / Val
2019-11-22,332.4,333.8,330.0,333.6,10664922,0.0,0.0,328.28,0,326.26000000000056,0,329.4239999999996,0,338.02199999999937,1,344.0664599999997,1,26595.08,,13.9,4.4,9.5,Train / Val
2019-11-25,341.8,341.8,337.8,338.8,17927101,0.0,0.0,329.44,0,327.3700000000005,0,329.2799999999996,0,337.7859999999994,0,343.74420666666646,1,26993.04,-0.5538,12.2,4.8,7.3999999999999995,Test
2019-11-26,341.0,342.0,333.8,335.6,29438082,0.0,0.0,330.7,0,328.0500000000005,0,329.0039999999995,0,337.5379999999994,1,343.36471999999975,1,26913.92,0.5574,13.2,4.7,8.5,Test
2019-11-27,337.0,338.8,334.0,335.0,11211983,0.0,0.0,331.18,0,328.95000000000056,0,328.71199999999953,0,337.2879999999994,1,342.9679333333331,1,26954.0,0.0,15.0,5.0,10.0,Test
2019-11-28,335.0,340.2,333.6,338.0,18192478,0.0,0.0,332.24,0,330.04000000000053,0,328.53999999999957,0,337.06999999999937,0,342.61773999999974,1,26893.73,-0.296,14.0,4.8,9.2,Test
2019-11-29,334.2,335.2,329.0,331.8,13808549,0.0,0.0,333.44,1,330.59000000000054,0,328.3039999999996,0,336.87799999999936,1,342.21690666666643,1,26346.49,0.0,16.2,2.7,13.5,Test
2019-12-02,335.0,335.0,331.6,333.0,10195685,0.0,0.0,334.74,1,331.16000000000054,0,328.1039999999996,0,336.69999999999936,1,341.82407333333305,1,26444.72,0.0,15.7,3.1,12.6,Test
2019-12-03,329.0,332.6,326.6,331.0,12735550,0.0,0.0,334.18,1,331.3300000000005,1,327.95599999999956,0,336.4419999999993,1,341.48571999999973,1,26391.3,-0.6124,17.8,2.1,15.700000000000001,Test
2019-12-04,327.8,329.4,325.4,328.6,12262656,0.0,0.0,333.48,1,331.1100000000005,1,327.77599999999956,0,336.1559999999993,1,341.1233866666664,1,26062.56,0.34,18.7,4.8,13.899999999999999,Test
2019-12-05,333.6,333.6,329.0,330.0,11697752,0.0,0.0,333.54,1,330.91000000000054,1,327.65999999999957,0,335.9059999999993,1,340.72650666666647,1,26217.04,-0.5994,18.2,3.0,15.2,Test
2019-12-06,333.6,336.4,332.2,335.6,15638497,0.0,0.0,333.74,0,331.01000000000056,0,327.6599999999995,0,335.6539999999993,1,340.38424666666646,1,26498.37,-0.0258,16.2,6.0,10.2,Test
2019-12-09,335.0,337.8,333.8,336.2,9839548,0.0,0.0,333.47999999999996,0,331.46000000000055,0,327.81599999999946,0,335.38999999999925,0,340.02338666666645,1,26494.73,0.34,16.0,7.3,8.7,Test
2019-12-10,333.2,338.8,332.8,336.8,10472081,0.0,0.0,333.6,0,332.15000000000055,0,327.9039999999994,0,335.12599999999935,0,339.6904599999998,1,26436.62,0.0,18.5,6.2,12.3,Test
2019-12-11,339.0,340.4,337.0,340.0,12535555,0.0,0.0,334.1,0,332.64000000000055,0,328.1159999999994,0,334.95999999999935,0,339.45997333333315,0,26645.43,0.6369,19.5,4.5,15.0,Test
2019-12-12,344.8,351.4,343.6,349.0,33282651,0.0,0.0,335.2,0,333.7200000000006,0,328.4919999999994,0,334.8319999999993,0,339.2549199999998,0,26994.14,,18.3,5.4,12.9,Test
2019-12-13,360.0,361.8,356.6,361.0,32786878,0.0,0.0,338.12,0,335.78000000000054,0,329.21199999999936,0,334.8659999999993,0,339.1032733333331,0,27687.76,0.4404,14.4,4.3,10.100000000000001,Test
2019-12-16,362.8,364.4,358.0,359.8,19238938,0.0,0.0,340.8,0,337.77000000000055,0,329.90399999999937,0,334.87799999999936,0,339.00478666666646,0,27508.09,0.0,14.8,3.7,11.100000000000001,Test
2019-12-17,368.2,373.0,363.4,371.2,32557133,0.0,0.0,344.82,0,339.50000000000057,0,330.8719999999994,0,334.93399999999934,0,338.9397533333331,0,27843.71,-0.4404,11.3,4.9,6.4,Test
2019-12-18,380.0,380.0,373.2,377.6,31560449,0.0,0.0,349.71999999999997,0,341.60000000000053,0,331.94799999999935,0,335.00799999999936,0,338.99317999999977,0,27884.21,0.6808,9.4,3.6,5.800000000000001,Test
2019-12-19,374.6,375.6,370.4,375.6,18441112,0.0,0.0,354.28,0,343.9100000000006,0,333.0959999999993,0,335.0419999999994,0,339.0106666666664,0,27800.49,0.0,10.0,5.3,4.7,Test
2019-12-20,378.0,378.0,372.2,375.2,21656659,0.0,0.0,358.23999999999995,0,345.9900000000006,0,334.22399999999936,0,335.0619999999994,0,339.0813333333331,0,27871.35,0.0,10.1,4.9,5.199999999999999,Test
2019-12-23,378.0,378.0,373.8,377.8,11672033,0.0,0.0,362.4,0,347.94000000000057,0,335.28399999999937,0,335.15799999999945,0,339.2279999999997,0,27906.41,0.0,9.3,4.3,5.000000000000001,Test
2019-12-24,379.0,379.8,376.8,376.8,6360485,0.0,0.0,366.4,0,350.00000000000057,0,336.25599999999935,0,335.2259999999995,0,339.45999999999975,0,27864.21,0.0,9.6,4.3,5.3,Test
2019-12-27,378.8,385.4,378.2,384.0,19180036,0.0,0.0,370.8,0,352.45000000000056,0,337.35999999999933,0,335.50799999999947,0,339.7453333333331,0,28225.42,-0.5574,7.6,5.4,2.1999999999999993,Test
2019-12-30,381.4,384.6,381.2,383.2,14328612,0.0,0.0,374.21999999999997,0,354.71000000000055,0,338.40399999999937,0,335.93399999999946,0,340.03999999999974,0,28319.39,-0.3182,7.8,5.3,2.5,Test
2019-12-31,379.0,380.2,374.6,375.6,10378526,0.0,0.0,375.68,1,356.90000000000055,0,339.2959999999993,0,336.3179999999995,0,340.3706666666664,0,28189.75,0.0,10.0,2.5,7.5,Test
2020-01-02,375.8,384.8,375.6,382.4,13991006,0.0,0.0,377.93999999999994,0,359.3700000000005,0,340.3239999999994,0,336.75599999999946,0,340.7546666666664,0,28543.52,0.4939,8.0,4.9,3.0999999999999996,Test
2020-01-03,388.0,390.0,381.2,383.0,15313106,0.0,0.0,379.12,0,361.97000000000054,0,341.4879999999994,0,337.16199999999947,0,341.14933333333306,0,28451.5,,7.8,4.5,3.3,Test
2020-01-06,380.0,380.0,375.4,377.4,12123194,0.0,0.0,379.09999999999997,1,364.4100000000005,0,342.4839999999994,0,337.55199999999945,0,341.49466666666643,0,28226.19,-0.0772,9.4,3.9,5.5,Test
2020-01-07,380.8,387.8,380.0,385.6,17686346,0.0,0.0,380.09999999999997,0,367.1900000000005,0,343.7959999999994,0,338.00799999999947,0,341.9186666666664,0,28322.06,-0.0772,7.1,5.7,1.3999999999999995,Test
2020-01-08,382.4,385.8,379.2,382.0,15529153,0.0,0.0,380.78000000000003,0,369.5100000000005,0,345.0559999999994,0,338.48799999999943,0,342.30266666666637,0,28087.92,-0.4767,8.1,5.1,3.0,Test
2020-01-09,390.0,390.0,387.0,390.0,15946820,0.0,0.0,382.0,0,372.2000000000005,0,346.52399999999943,0,338.98799999999943,0,342.72933333333305,0,28561.0,-0.1548,,4.6,,Live
2020-01-10,394.8,399.2,392.0,398.6,25292041,0.0,0.0,384.18,0,375.29000000000053,0,348.0559999999994,0,339.6699999999994,0,343.1626666666664,0,28638.2,0.0,,5.1,,Live
2020-01-13,400.0,406.4,397.4,406.4,27570261,0.0,0.0,386.41999999999996,0,378.61000000000047,0,349.8439999999994,0,340.4699999999994,0,343.6906666666664,0,28954.94,0.8316,,4.2,,Live
2020-01-14,410.0,413.0,396.6,400.4,26827634,0.0,0.0,388.14,0,381.18000000000046,0,351.52799999999945,0,341.1059999999994,0,344.1533333333331,0,28885.14,0.7717,,6.8,,Live
2020-01-15,397.2,403.0,396.2,398.8,15938138,0.0,0.0,390.46,0,383.0700000000005,0,353.08799999999945,0,341.7599999999994,0,344.6093333333331,0,28773.59,0.3818,,7.0,,Live
2020-01-16,399.0,403.0,396.4,400.0,13770626,0.0,0.0,392.22,0,385.0800000000005,0,354.6559999999995,0,342.43399999999946,0,344.9893333333331,0,28883.04,0.6705,,7.0,,Live
2020-01-17,400.0,400.6,396.0,399.0,13670846,0.0,0.0,393.82000000000005,0,386.4700000000005,0,356.0839999999995,0,343.1139999999994,0,345.3519999999998,0,29056.42,0.0,,7.2,,Live
2020-01-20,405.0,405.0,396.0,396.0,13282412,0.0,0.0,395.68000000000006,0,387.39000000000044,0,357.3439999999995,0,343.73199999999946,0,345.7426666666664,0,28795.91,0.4215,,7.3,,Live
2020-01-21,395.0,395.0,383.4,385.4,24173392,0.0,0.0,395.6600000000001,1,387.88000000000045,1,358.37199999999956,0,344.32599999999945,0,346.0839999999998,0,27985.33,-0.8698,,2.3,,Live
2020-01-22,387.4,392.8,382.6,391.0,18682305,0.0,0.0,396.56000000000006,1,388.6700000000004,0,359.5199999999996,0,344.9739999999995,0,346.49066666666647,0,28341.04,-0.765,,0.6,,Live
2020-01-23,389.6,389.8,379.0,385.6,18621253,0.0,0.0,396.12000000000006,1,389.06000000000046,1,360.68799999999953,0,345.6399999999995,0,346.86799999999977,0,27909.12,-0.5423,,1.0,,Live
2020-01-24,387.0,388.6,383.4,385.8,8050690,0.0,0.0,394.8400000000001,1,389.51000000000045,1,361.9439999999995,0,346.29599999999954,0,347.21333333333314,0,27949.64,0.7227,,3.9,,Live
2020-01-29,384.2,389.6,381.0,383.2,31761022,0.0,0.0,392.5200000000001,1,389.4700000000004,1,363.0039999999995,0,346.8799999999995,0,347.45333333333315,0,27160.63,-0.9485,,5.7,,Live
2020-01-30,386.0,389.0,370.2,375.0,24946774,0.0,0.0,389.9800000000001,1,389.06000000000046,1,363.95599999999945,0,347.31799999999953,0,347.59333333333313,0,26449.13,-0.128,,5.8,,Live
2020-01-31,380.2,384.8,371.4,373.0,20299052,0.0,0.0,387.4000000000001,1,388.9300000000004,1,365.01999999999947,0,347.7559999999996,0,347.7173333333331,0,26312.63,-0.743,,5.8,,Live
2020-02-03,378.0,383.2,369.6,380.0,28678448,0.0,0.0,385.4000000000001,1,388.81000000000046,1,366.2199999999995,0,348.14399999999955,0,347.87866666666645,0,26356.98,-0.296,,5.4,,Live
2020-02-04,390.0,393.6,384.8,393.0,28433595,0.0,0.0,384.80000000000007,0,389.31000000000046,0,367.3479999999995,0,348.65999999999957,0,348.1693333333331,0,26675.98,-0.6369,,5.8,,Live
2020-02-05,400.0,400.0,387.4,392.2,22398578,0.0,0.0,384.4200000000001,0,390.05000000000047,0,368.47999999999956,0,349.1479999999995,0,348.45733333333305,0,26786.74,-0.6771,,4.1,,Live
2020-02-06,398.0,400.0,392.2,400.0,17792132,0.0,0.0,385.88000000000005,0,390.77000000000044,0,369.89199999999954,0,349.7239999999995,0,348.7719999999997,0,27493.7,,,3.6,,Live
2020-02-07,399.2,402.4,394.6,402.4,14896702,0.0,0.0,387.0200000000001,0,391.7900000000004,0,371.2679999999996,0,350.34599999999955,0,349.10399999999976,0,27404.27,-0.9523,,2.1,,Live
